日期,商品(契約),商品名稱(契約名稱),月份類別,交易人類別,前五大交易人買方,前五大交易人賣方,前十大交易人買方,前十大交易人賣方,全市場未沖銷部位數
2008/11/3,CPF    ,三十天期利率期貨              ,200811,0,4,4,4,4,4
2008/11/3,CPF    ,三十天期利率期貨              ,200811,1,0,0,0,0,4
2008/11/3,CPF    ,三十天期利率期貨              ,999999,0,4,4,4,4,4
2008/11/3,CPF    ,三十天期利率期貨              ,999999,1,0,0,0,0,4
2008/11/3,GBF    ,十年期公債期貨                ,200812,0,9,9,9,9,9
2008/11/3,GBF    ,十年期公債期貨                ,200812,1,0,0,0,0,9
2008/11/3,GBF    ,十年期公債期貨                ,999999,0,14,14,14,14,14
2008/11/3,GBF    ,十年期公債期貨                ,999999,1,0,0,0,0,14
2008/11/3,GDF    ,黃金期貨                      ,200812,0,7,7,7,7,7
2008/11/3,GDF    ,黃金期貨                      ,200812,1,0,0,0,0,7
2008/11/3,GDF    ,黃金期貨                      ,999999,0,9,9,9,9,9
2008/11/3,GDF    ,黃金期貨                      ,999999,1,0,0,0,0,9
2008/11/3,GTF    ,櫃買期貨                      ,200811,0,45,60,56,69,70
2008/11/3,GTF    ,櫃買期貨                      ,200811,1,0,0,0,0,70
2008/11/3,GTF    ,櫃買期貨                      ,999999,0,61,80,74,92,97
2008/11/3,GTF    ,櫃買期貨                      ,999999,1,0,0,0,0,97
2008/11/3,MSF    ,摩臺期                        ,200811,0,14,14,14,14,14
2008/11/3,MSF    ,摩臺期                        ,200811,1,0,0,0,0,14
2008/11/3,MSF    ,摩臺期                        ,999999,0,14,14,14,14,14
2008/11/3,MSF    ,摩臺期                        ,999999,1,0,0,0,0,14
2008/11/3,T5F    ,臺灣50期貨                    ,200811,0,8,8,8,8,8
2008/11/3,T5F    ,臺灣50期貨                    ,200811,1,0,0,0,0,8
2008/11/3,T5F    ,臺灣50期貨                    ,999999,0,11,11,11,11,11
2008/11/3,T5F    ,臺灣50期貨                    ,999999,1,0,0,0,0,11
2008/11/3,TE     ,電子期貨                      ,200811,0,2628,2610,3447,3438,5201
2008/11/3,TE     ,電子期貨                      ,200811,1,2628,1984,2775,2483,5201
2008/11/3,TE     ,電子期貨                      ,999999,0,2634,2610,3478,3535,5500
2008/11/3,TE     ,電子期貨                      ,999999,1,2634,1984,2781,2580,5500
2008/11/3,TF     ,金融期貨                      ,200811,0,1128,1691,1729,2199,3264
2008/11/3,TF     ,金融期貨                      ,200811,1,675,1691,675,2139,3264
2008/11/3,TF     ,金融期貨                      ,999999,0,1145,1804,1864,2336,3513
2008/11/3,TF     ,金融期貨                      ,999999,1,473,1804,677,2276,3513
2008/11/3,TGF    ,臺幣黃金期貨                  ,200812,0,128,82,162,122,250
2008/11/3,TGF    ,臺幣黃金期貨                  ,200812,1,0,0,0,0,250
2008/11/3,TGF    ,臺幣黃金期貨                  ,999999,0,189,186,280,242,449
2008/11/3,TGF    ,臺幣黃金期貨                  ,999999,1,0,0,0,0,449
2008/11/3,TX     ,臺股期貨                      ,200811,0,35085,22419,41358,29596,62692
2008/11/3,TX     ,臺股期貨                      ,200811,1,35085,18904,40076,21923,62692
2008/11/3,TX     ,臺股期貨                      ,999999,0,36011,23743,43327,32969,70227
2008/11/3,TX     ,臺股期貨                      ,999999,1,36011,20227,42045,23712,70227
2008/11/3,XIF    ,非金電期貨                    ,200811,0,265,363,336,392,406
2008/11/3,XIF    ,非金電期貨                    ,200811,1,53,137,77,137,406
2008/11/3,XIF    ,非金電期貨                    ,999999,0,387,494,480,545,573
2008/11/3,XIF    ,非金電期貨                    ,999999,1,31,137,87,137,573
2008/11/4,CPF    ,三十天期利率期貨              ,200811,0,4,4,4,4,4
2008/11/4,CPF    ,三十天期利率期貨              ,200811,1,0,0,0,0,4
2008/11/4,CPF    ,三十天期利率期貨              ,999999,0,4,4,4,4,4
2008/11/4,CPF    ,三十天期利率期貨              ,999999,1,0,0,0,0,4
2008/11/4,GBF    ,十年期公債期貨                ,200812,0,9,9,9,9,9
2008/11/4,GBF    ,十年期公債期貨                ,200812,1,0,0,0,0,9
2008/11/4,GBF    ,十年期公債期貨                ,999999,0,15,14,15,15,15
2008/11/4,GBF    ,十年期公債期貨                ,999999,1,0,0,0,0,15
2008/11/4,GDF    ,黃金期貨                      ,200812,0,7,7,7,7,7
2008/11/4,GDF    ,黃金期貨                      ,200812,1,0,0,0,0,7
2008/11/4,GDF    ,黃金期貨                      ,999999,0,9,9,9,9,9
2008/11/4,GDF    ,黃金期貨                      ,999999,1,0,0,0,0,9
2008/11/4,GTF    ,櫃買期貨                      ,200811,0,53,71,68,79,79
2008/11/4,GTF    ,櫃買期貨                      ,200811,1,0,0,0,0,79
2008/11/4,GTF    ,櫃買期貨                      ,999999,0,67,83,83,98,102
2008/11/4,GTF    ,櫃買期貨                      ,999999,1,0,0,0,0,102
2008/11/4,MSF    ,摩臺期                        ,200811,0,19,19,19,19,19
2008/11/4,MSF    ,摩臺期                        ,200811,1,0,0,0,0,19
2008/11/4,MSF    ,摩臺期                        ,999999,0,19,19,19,19,19
2008/11/4,MSF    ,摩臺期                        ,999999,1,0,0,0,0,19
2008/11/4,T5F    ,臺灣50期貨                    ,200811,0,8,8,8,8,8
2008/11/4,T5F    ,臺灣50期貨                    ,200811,1,0,0,0,0,8
2008/11/4,T5F    ,臺灣50期貨                    ,999999,0,11,11,11,11,11
2008/11/4,T5F    ,臺灣50期貨                    ,999999,1,0,0,0,0,11
2008/11/4,TE     ,電子期貨                      ,200811,0,2830,2999,3822,3937,5543
2008/11/4,TE     ,電子期貨                      ,200811,1,2497,1981,2949,2738,5543
2008/11/4,TE     ,電子期貨                      ,999999,0,2831,2999,3860,4039,5832
2008/11/4,TE     ,電子期貨                      ,999999,1,2497,1981,2977,2840,5832
2008/11/4,TF     ,金融期貨                      ,200811,0,1104,1792,1678,2306,3352
2008/11/4,TF     ,金融期貨                      ,200811,1,884,1551,984,2005,3352
2008/11/4,TF     ,金融期貨                      ,999999,0,1171,1903,1812,2447,3614
2008/11/4,TF     ,金融期貨                      ,999999,1,745,1658,895,2142,3614
2008/11/4,TGF    ,臺幣黃金期貨                  ,200812,0,124,100,158,143,257
2008/11/4,TGF    ,臺幣黃金期貨                  ,200812,1,0,0,0,0,257
2008/11/4,TGF    ,臺幣黃金期貨                  ,999999,0,176,197,250,251,432
2008/11/4,TGF    ,臺幣黃金期貨                  ,999999,1,0,0,0,0,432
2008/11/4,TX     ,臺股期貨                      ,200811,0,34102,22342,40147,30305,62566
2008/11/4,TX     ,臺股期貨                      ,200811,1,34102,18949,39104,22411,62566
2008/11/4,TX     ,臺股期貨                      ,999999,0,35297,23716,42500,33536,70387
2008/11/4,TX     ,臺股期貨                      ,999999,1,35297,20322,42500,23895,70387
2008/11/4,XIF    ,非金電期貨                    ,200811,0,247,349,314,361,369
2008/11/4,XIF    ,非金電期貨                    ,200811,1,53,139,70,139,369
2008/11/4,XIF    ,非金電期貨                    ,999999,0,375,494,469,530,547
2008/11/4,XIF    ,非金電期貨                    ,999999,1,43,139,84,139,547
2008/11/5,CPF    ,三十天期利率期貨              ,200811,0,4,4,4,4,4
2008/11/5,CPF    ,三十天期利率期貨              ,200811,1,0,0,0,0,4
2008/11/5,CPF    ,三十天期利率期貨              ,999999,0,4,4,4,4,4
2008/11/5,CPF    ,三十天期利率期貨              ,999999,1,0,0,0,0,4
2008/11/5,GBF    ,十年期公債期貨                ,200812,0,9,9,9,9,9
2008/11/5,GBF    ,十年期公債期貨                ,200812,1,0,0,0,0,9
2008/11/5,GBF    ,十年期公債期貨                ,999999,0,14,13,14,14,14
2008/11/5,GBF    ,十年期公債期貨                ,999999,1,0,0,0,0,14
2008/11/5,GDF    ,黃金期貨                      ,200812,0,6,6,6,6,6
2008/11/5,GDF    ,黃金期貨                      ,200812,1,0,0,0,0,6
2008/11/5,GDF    ,黃金期貨                      ,999999,0,10,10,10,10,10
2008/11/5,GDF    ,黃金期貨                      ,999999,1,0,0,0,0,10
2008/11/5,GTF    ,櫃買期貨                      ,200811,0,71,82,88,93,94
2008/11/5,GTF    ,櫃買期貨                      ,200811,1,0,12,0,12,94
2008/11/5,GTF    ,櫃買期貨                      ,999999,0,88,94,105,109,116
2008/11/5,GTF    ,櫃買期貨                      ,999999,1,0,12,0,12,116
2008/11/5,MSF    ,摩臺期                        ,200811,0,22,22,22,22,22
2008/11/5,MSF    ,摩臺期                        ,200811,1,0,0,0,0,22
2008/11/5,MSF    ,摩臺期                        ,999999,0,22,22,22,22,22
2008/11/5,MSF    ,摩臺期                        ,999999,1,0,0,0,0,22
2008/11/5,T5F    ,臺灣50期貨                    ,200811,0,6,6,6,6,6
2008/11/5,T5F    ,臺灣50期貨                    ,200811,1,0,0,0,0,6
2008/11/5,T5F    ,臺灣50期貨                    ,999999,0,9,9,9,9,9
2008/11/5,T5F    ,臺灣50期貨                    ,999999,1,0,0,0,0,9
2008/11/5,TE     ,電子期貨                      ,200811,0,3476,3635,4524,4832,6896
2008/11/5,TE     ,電子期貨                      ,200811,1,2811,2945,3299,3879,6896
2008/11/5,TE     ,電子期貨                      ,999999,0,3477,3635,4583,4896,7207
2008/11/5,TE     ,電子期貨                      ,999999,1,2811,2945,3343,3943,7207
2008/11/5,TF     ,金融期貨                      ,200811,0,1043,1665,1595,2168,3442
2008/11/5,TF     ,金融期貨                      ,200811,1,738,1665,841,1875,3442
2008/11/5,TF     ,金融期貨                      ,999999,0,1136,1787,1763,2325,3743
2008/11/5,TF     ,金融期貨                      ,999999,1,753,1787,857,2016,3743
2008/11/5,TGF    ,臺幣黃金期貨                  ,200812,0,120,82,152,122,226
2008/11/5,TGF    ,臺幣黃金期貨                  ,200812,1,0,0,0,0,226
2008/11/5,TGF    ,臺幣黃金期貨                  ,999999,0,221,230,302,285,463
2008/11/5,TGF    ,臺幣黃金期貨                  ,999999,1,0,0,0,0,463
2008/11/5,TX     ,臺股期貨                      ,200811,0,34294,21745,40896,31005,67449
2008/11/5,TX     ,臺股期貨                      ,200811,1,34294,18324,39531,22366,67449
2008/11/5,TX     ,臺股期貨                      ,999999,0,36279,23139,43736,33984,75368
2008/11/5,TX     ,臺股期貨                      ,999999,1,36279,19717,42371,23759,75368
2008/11/5,XIF    ,非金電期貨                    ,200811,0,232,330,307,360,373
2008/11/5,XIF    ,非金電期貨                    ,200811,1,53,95,70,98,373
2008/11/5,XIF    ,非金電期貨                    ,999999,0,388,447,498,545,579
2008/11/5,XIF    ,非金電期貨                    ,999999,1,55,95,96,95,579
2008/11/6,CPF    ,三十天期利率期貨              ,200811,0,4,4,4,4,4
2008/11/6,CPF    ,三十天期利率期貨              ,200811,1,0,0,0,0,4
2008/11/6,CPF    ,三十天期利率期貨              ,999999,0,4,4,4,4,4
2008/11/6,CPF    ,三十天期利率期貨              ,999999,1,0,0,0,0,4
2008/11/6,GBF    ,十年期公債期貨                ,200812,0,9,9,9,9,9
2008/11/6,GBF    ,十年期公債期貨                ,200812,1,0,0,0,0,9
2008/11/6,GBF    ,十年期公債期貨                ,999999,0,14,13,14,14,14
2008/11/6,GBF    ,十年期公債期貨                ,999999,1,0,0,0,0,14
2008/11/6,GDF    ,黃金期貨                      ,200812,0,6,6,6,6,6
2008/11/6,GDF    ,黃金期貨                      ,200812,1,0,0,0,0,6
2008/11/6,GDF    ,黃金期貨                      ,999999,0,10,10,10,10,10
2008/11/6,GDF    ,黃金期貨                      ,999999,1,0,0,0,0,10
2008/11/6,GTF    ,櫃買期貨                      ,200811,0,82,81,94,94,98
2008/11/6,GTF    ,櫃買期貨                      ,200811,1,0,14,0,14,98
2008/11/6,GTF    ,櫃買期貨                      ,999999,0,96,92,109,108,118
2008/11/6,GTF    ,櫃買期貨                      ,999999,1,0,14,0,14,118
2008/11/6,MSF    ,摩臺期                        ,200811,0,23,23,23,23,23
2008/11/6,MSF    ,摩臺期                        ,200811,1,0,0,0,0,23
2008/11/6,MSF    ,摩臺期                        ,999999,0,23,23,23,23,23
2008/11/6,MSF    ,摩臺期                        ,999999,1,0,0,0,0,23
2008/11/6,T5F    ,臺灣50期貨                    ,200811,0,7,7,7,7,7
2008/11/6,T5F    ,臺灣50期貨                    ,200811,1,0,0,0,0,7
2008/11/6,T5F    ,臺灣50期貨                    ,999999,0,10,10,10,10,10
2008/11/6,T5F    ,臺灣50期貨                    ,999999,1,0,0,0,0,10
2008/11/6,TE     ,電子期貨                      ,200811,0,3737,3953,4887,5187,7789
2008/11/6,TE     ,電子期貨                      ,200811,1,3047,3170,3592,3941,7789
2008/11/6,TE     ,電子期貨                      ,999999,0,3738,3953,4942,5215,8109
2008/11/6,TE     ,電子期貨                      ,999999,1,3047,3170,3636,4169,8109
2008/11/6,TF     ,金融期貨                      ,200811,0,1250,1815,1815,2525,3867
2008/11/6,TF     ,金融期貨                      ,200811,1,1099,1601,1301,2028,3867
2008/11/6,TF     ,金融期貨                      ,999999,0,1326,1839,1974,2655,4179
2008/11/6,TF     ,金融期貨                      ,999999,1,1115,1625,1317,2263,4179
2008/11/6,TGF    ,臺幣黃金期貨                  ,200812,0,126,95,157,138,238
2008/11/6,TGF    ,臺幣黃金期貨                  ,200812,1,0,0,0,0,238
2008/11/6,TGF    ,臺幣黃金期貨                  ,999999,0,214,223,305,284,474
2008/11/6,TGF    ,臺幣黃金期貨                  ,999999,1,0,0,0,0,474
2008/11/6,TX     ,臺股期貨                      ,200811,0,38086,21857,44962,34498,73031
2008/11/6,TX     ,臺股期貨                      ,200811,1,38086,18343,44962,28586,73031
2008/11/6,TX     ,臺股期貨                      ,999999,0,40629,22442,48018,37089,81249
2008/11/6,TX     ,臺股期貨                      ,999999,1,40629,22442,48018,28235,81249
2008/11/6,XIF    ,非金電期貨                    ,200811,0,252,301,324,343,395
2008/11/6,XIF    ,非金電期貨                    ,200811,1,126,50,165,56,395
2008/11/6,XIF    ,非金電期貨                    ,999999,0,391,423,502,511,593
2008/11/6,XIF    ,非金電期貨                    ,999999,1,156,50,187,50,593
2008/11/7,CPF    ,三十天期利率期貨              ,200811,0,4,4,4,4,4
2008/11/7,CPF    ,三十天期利率期貨              ,200811,1,0,0,0,0,4
2008/11/7,CPF    ,三十天期利率期貨              ,999999,0,4,4,4,4,4
2008/11/7,CPF    ,三十天期利率期貨              ,999999,1,0,0,0,0,4
2008/11/7,GBF    ,十年期公債期貨                ,200812,0,9,9,9,9,9
2008/11/7,GBF    ,十年期公債期貨                ,200812,1,0,0,0,0,9
2008/11/7,GBF    ,十年期公債期貨                ,999999,0,14,13,14,14,14
2008/11/7,GBF    ,十年期公債期貨                ,999999,1,0,0,0,0,14
2008/11/7,GDF    ,黃金期貨                      ,200812,0,6,6,6,6,6
2008/11/7,GDF    ,黃金期貨                      ,200812,1,0,0,0,0,6
2008/11/7,GDF    ,黃金期貨                      ,999999,0,10,10,10,10,10
2008/11/7,GDF    ,黃金期貨                      ,999999,1,0,0,0,0,10
2008/11/7,GTF    ,櫃買期貨                      ,200811,0,80,72,89,87,94
2008/11/7,GTF    ,櫃買期貨                      ,200811,1,0,14,0,14,94
2008/11/7,GTF    ,櫃買期貨                      ,999999,0,89,80,106,107,119
2008/11/7,GTF    ,櫃買期貨                      ,999999,1,0,14,0,14,119
2008/11/7,MSF    ,摩臺期                        ,200811,0,27,27,27,27,27
2008/11/7,MSF    ,摩臺期                        ,200811,1,0,0,0,0,27
2008/11/7,MSF    ,摩臺期                        ,999999,0,27,27,27,27,27
2008/11/7,MSF    ,摩臺期                        ,999999,1,0,0,0,0,27
2008/11/7,T5F    ,臺灣50期貨                    ,200811,0,7,7,7,7,7
2008/11/7,T5F    ,臺灣50期貨                    ,200811,1,0,0,0,0,7
2008/11/7,T5F    ,臺灣50期貨                    ,999999,0,10,10,10,10,10
2008/11/7,T5F    ,臺灣50期貨                    ,999999,1,0,0,0,0,10
2008/11/7,TE     ,電子期貨                      ,200811,0,3459,3848,4645,5285,8061
2008/11/7,TE     ,電子期貨                      ,200811,1,3030,3110,3327,3646,8061
2008/11/7,TE     ,電子期貨                      ,999999,0,3498,3848,4708,5338,8397
2008/11/7,TE     ,電子期貨                      ,999999,1,3068,3110,3365,3646,8397
2008/11/7,TF     ,金融期貨                      ,200811,0,1182,1969,1713,2720,3796
2008/11/7,TF     ,金融期貨                      ,200811,1,824,1393,1154,2144,3796
2008/11/7,TF     ,金融期貨                      ,999999,0,1195,1976,1777,2862,4113
2008/11/7,TF     ,金融期貨                      ,999999,1,837,1628,1080,2285,4113
2008/11/7,TGF    ,臺幣黃金期貨                  ,200812,0,126,118,163,161,238
2008/11/7,TGF    ,臺幣黃金期貨                  ,200812,1,0,0,0,0,238
2008/11/7,TGF    ,臺幣黃金期貨                  ,999999,0,261,292,353,354,514
2008/11/7,TGF    ,臺幣黃金期貨                  ,999999,1,0,0,0,0,514
2008/11/7,TX     ,臺股期貨                      ,200811,0,41322,22476,48287,35182,74640
2008/11/7,TX     ,臺股期貨                      ,200811,1,41322,22476,48287,29825,74640
2008/11/7,TX     ,臺股期貨                      ,999999,0,44167,23145,51655,37802,83899
2008/11/7,TX     ,臺股期貨                      ,999999,1,44167,23145,51655,31445,83899
2008/11/7,XIF    ,非金電期貨                    ,200811,0,326,381,405,430,473
2008/11/7,XIF    ,非金電期貨                    ,200811,1,150,0,198,0,473
2008/11/7,XIF    ,非金電期貨                    ,999999,0,445,503,576,594,664
2008/11/7,XIF    ,非金電期貨                    ,999999,1,185,0,216,0,664
2008/11/10,CPF    ,三十天期利率期貨              ,200811,0,5,5,5,5,5
2008/11/10,CPF    ,三十天期利率期貨              ,200811,1,0,0,0,0,5
2008/11/10,CPF    ,三十天期利率期貨              ,999999,0,17,17,17,17,17
2008/11/10,CPF    ,三十天期利率期貨              ,999999,1,0,0,0,0,17
2008/11/10,GBF    ,十年期公債期貨                ,200812,0,9,9,9,9,9
2008/11/10,GBF    ,十年期公債期貨                ,200812,1,0,0,0,0,9
2008/11/10,GBF    ,十年期公債期貨                ,999999,0,14,13,14,14,14
2008/11/10,GBF    ,十年期公債期貨                ,999999,1,0,0,0,0,14
2008/11/10,GDF    ,黃金期貨                      ,200812,0,8,8,8,8,8
2008/11/10,GDF    ,黃金期貨                      ,200812,1,0,0,0,0,8
2008/11/10,GDF    ,黃金期貨                      ,999999,0,12,12,12,12,12
2008/11/10,GDF    ,黃金期貨                      ,999999,1,0,0,0,0,12
2008/11/10,GTF    ,櫃買期貨                      ,200811,0,75,62,84,79,88
2008/11/10,GTF    ,櫃買期貨                      ,200811,1,0,14,0,14,88
2008/11/10,GTF    ,櫃買期貨                      ,999999,0,88,71,102,95,114
2008/11/10,GTF    ,櫃買期貨                      ,999999,1,0,14,0,14,114
2008/11/10,MSF    ,摩臺期                        ,200811,0,30,30,30,30,30
2008/11/10,MSF    ,摩臺期                        ,200811,1,0,0,0,0,30
2008/11/10,MSF    ,摩臺期                        ,999999,0,30,30,30,30,30
2008/11/10,MSF    ,摩臺期                        ,999999,1,0,0,0,0,30
2008/11/10,T5F    ,臺灣50期貨                    ,200811,0,7,7,7,7,7
2008/11/10,T5F    ,臺灣50期貨                    ,200811,1,0,0,0,0,7
2008/11/10,T5F    ,臺灣50期貨                    ,999999,0,10,10,10,10,10
2008/11/10,T5F    ,臺灣50期貨                    ,999999,1,0,0,0,0,10
2008/11/10,TE     ,電子期貨                      ,200811,0,3934,3837,5446,5329,8515
2008/11/10,TE     ,電子期貨                      ,200811,1,3326,3099,3865,3682,8515
2008/11/10,TE     ,電子期貨                      ,999999,0,3935,3837,5529,5375,8910
2008/11/10,TE     ,電子期貨                      ,999999,1,3326,3099,3903,3682,8910
2008/11/10,TF     ,金融期貨                      ,200811,0,1199,1903,1747,2630,3805
2008/11/10,TF     ,金融期貨                      ,200811,1,828,1426,1055,1944,3805
2008/11/10,TF     ,金融期貨                      ,999999,0,1225,1904,1807,2766,4140
2008/11/10,TF     ,金融期貨                      ,999999,1,841,1426,1069,2079,4140
2008/11/10,TGF    ,臺幣黃金期貨                  ,200812,0,125,128,161,168,238
2008/11/10,TGF    ,臺幣黃金期貨                  ,200812,1,0,0,0,0,238
2008/11/10,TGF    ,臺幣黃金期貨                  ,999999,0,263,301,351,358,509
2008/11/10,TGF    ,臺幣黃金期貨                  ,999999,1,0,0,0,0,509
2008/11/10,TX     ,臺股期貨                      ,200811,0,41797,19254,49405,31996,75674
2008/11/10,TX     ,臺股期貨                      ,200811,1,41797,16305,49405,24089,75674
2008/11/10,TX     ,臺股期貨                      ,999999,0,45053,20421,53325,34730,85890
2008/11/10,TX     ,臺股期貨                      ,999999,1,45053,20421,53325,25729,85890
2008/11/10,XIF    ,非金電期貨                    ,200811,0,352,398,438,457,512
2008/11/10,XIF    ,非金電期貨                    ,200811,1,168,0,208,0,512
2008/11/10,XIF    ,非金電期貨                    ,999999,0,494,552,636,652,722
2008/11/10,XIF    ,非金電期貨                    ,999999,1,203,0,234,0,722
2008/11/11,CPF    ,三十天期利率期貨              ,200811,0,6,6,6,6,6
2008/11/11,CPF    ,三十天期利率期貨              ,200811,1,0,0,0,0,6
2008/11/11,CPF    ,三十天期利率期貨              ,999999,0,21,21,21,21,21
2008/11/11,CPF    ,三十天期利率期貨              ,999999,1,0,0,0,0,21
2008/11/11,GBF    ,十年期公債期貨                ,200812,0,9,9,9,9,9
2008/11/11,GBF    ,十年期公債期貨                ,200812,1,0,0,0,0,9
2008/11/11,GBF    ,十年期公債期貨                ,999999,0,16,15,16,16,16
2008/11/11,GBF    ,十年期公債期貨                ,999999,1,0,0,0,0,16
2008/11/11,GDF    ,黃金期貨                      ,200812,0,8,8,8,8,8
2008/11/11,GDF    ,黃金期貨                      ,200812,1,0,0,0,0,8
2008/11/11,GDF    ,黃金期貨                      ,999999,0,12,12,12,12,12
2008/11/11,GDF    ,黃金期貨                      ,999999,1,0,0,0,0,12
2008/11/11,GTF    ,櫃買期貨                      ,200811,0,66,53,75,74,78
2008/11/11,GTF    ,櫃買期貨                      ,200811,1,0,14,0,14,78
2008/11/11,GTF    ,櫃買期貨                      ,999999,0,76,62,92,90,104
2008/11/11,GTF    ,櫃買期貨                      ,999999,1,0,14,0,14,104
2008/11/11,MSF    ,摩臺期                        ,200811,0,33,33,33,33,33
2008/11/11,MSF    ,摩臺期                        ,200811,1,0,0,0,0,33
2008/11/11,MSF    ,摩臺期                        ,999999,0,33,33,33,33,33
2008/11/11,MSF    ,摩臺期                        ,999999,1,0,0,0,0,33
2008/11/11,T5F    ,臺灣50期貨                    ,200811,0,7,7,7,7,7
2008/11/11,T5F    ,臺灣50期貨                    ,200811,1,0,0,0,0,7
2008/11/11,T5F    ,臺灣50期貨                    ,999999,0,11,11,11,11,11
2008/11/11,T5F    ,臺灣50期貨                    ,999999,1,0,0,0,0,11
2008/11/11,TE     ,電子期貨                      ,200811,0,4186,3673,5789,5190,8676
2008/11/11,TE     ,電子期貨                      ,200811,1,3437,3025,4003,3908,8676
2008/11/11,TE     ,電子期貨                      ,999999,0,4196,3673,5882,5229,9069
2008/11/11,TE     ,電子期貨                      ,999999,1,3446,3025,4050,3908,9069
2008/11/11,TF     ,金融期貨                      ,200811,0,1458,1828,2190,2710,3832
2008/11/11,TF     ,金融期貨                      ,200811,1,998,1230,1601,1741,3832
2008/11/11,TF     ,金融期貨                      ,999999,0,1484,1831,2228,2760,4144
2008/11/11,TF     ,金融期貨                      ,999999,1,1011,1230,1626,1788,4144
2008/11/11,TGF    ,臺幣黃金期貨                  ,200812,0,126,127,158,162,231
2008/11/11,TGF    ,臺幣黃金期貨                  ,200812,1,0,0,0,0,231
2008/11/11,TGF    ,臺幣黃金期貨                  ,999999,0,250,285,336,346,503
2008/11/11,TGF    ,臺幣黃金期貨                  ,999999,1,0,0,0,0,503
2008/11/11,TX     ,臺股期貨                      ,200811,0,41534,18556,50167,30209,73991
2008/11/11,TX     ,臺股期貨                      ,200811,1,41534,18556,50167,22921,73991
2008/11/11,TX     ,臺股期貨                      ,999999,0,46058,20537,55330,33840,86090
2008/11/11,TX     ,臺股期貨                      ,999999,1,46058,20537,55330,23237,86090
2008/11/11,XIF    ,非金電期貨                    ,200811,0,311,356,399,410,479
2008/11/11,XIF    ,非金電期貨                    ,200811,1,200,0,200,0,479
2008/11/11,XIF    ,非金電期貨                    ,999999,0,431,511,567,581,675
2008/11/11,XIF    ,非金電期貨                    ,999999,1,204,0,235,0,675
2008/11/12,CPF    ,三十天期利率期貨              ,200811,0,6,6,6,6,6
2008/11/12,CPF    ,三十天期利率期貨              ,200811,1,0,0,0,0,6
2008/11/12,CPF    ,三十天期利率期貨              ,999999,0,21,21,21,21,21
2008/11/12,CPF    ,三十天期利率期貨              ,999999,1,0,0,0,0,21
2008/11/12,GBF    ,十年期公債期貨                ,200812,0,9,9,9,9,9
2008/11/12,GBF    ,十年期公債期貨                ,200812,1,0,0,0,0,9
2008/11/12,GBF    ,十年期公債期貨                ,999999,0,14,14,14,14,14
2008/11/12,GBF    ,十年期公債期貨                ,999999,1,0,0,0,0,14
2008/11/12,GDF    ,黃金期貨                      ,200812,0,8,8,8,8,8
2008/11/12,GDF    ,黃金期貨                      ,200812,1,0,0,0,0,8
2008/11/12,GDF    ,黃金期貨                      ,999999,0,12,12,12,12,12
2008/11/12,GDF    ,黃金期貨                      ,999999,1,0,0,0,0,12
2008/11/12,GTF    ,櫃買期貨                      ,200811,0,76,61,85,83,89
2008/11/12,GTF    ,櫃買期貨                      ,200811,1,0,14,0,14,89
2008/11/12,GTF    ,櫃買期貨                      ,999999,0,85,69,102,99,115
2008/11/12,GTF    ,櫃買期貨                      ,999999,1,0,14,0,14,115
2008/11/12,MSF    ,摩臺期                        ,200811,0,40,40,40,40,40
2008/11/12,MSF    ,摩臺期                        ,200811,1,0,0,0,0,40
2008/11/12,MSF    ,摩臺期                        ,999999,0,40,40,40,40,40
2008/11/12,MSF    ,摩臺期                        ,999999,1,0,0,0,0,40
2008/11/12,T5F    ,臺灣50期貨                    ,200811,0,6,6,6,6,6
2008/11/12,T5F    ,臺灣50期貨                    ,200811,1,0,0,0,0,6
2008/11/12,T5F    ,臺灣50期貨                    ,999999,0,11,11,11,11,11
2008/11/12,T5F    ,臺灣50期貨                    ,999999,1,0,0,0,0,11
2008/11/12,TE     ,電子期貨                      ,200811,0,3521,3297,5139,4776,8334
2008/11/12,TE     ,電子期貨                      ,200811,1,3036,2399,3424,3582,8334
2008/11/12,TE     ,電子期貨                      ,999999,0,3705,3297,5332,4807,8853
2008/11/12,TE     ,電子期貨                      ,999999,1,3219,2399,3607,3582,8853
2008/11/12,TF     ,金融期貨                      ,200811,0,1468,1863,2074,2713,3821
2008/11/12,TF     ,金融期貨                      ,200811,1,1210,1234,1573,1886,3821
2008/11/12,TF     ,金融期貨                      ,999999,0,1468,1866,2123,2774,4153
2008/11/12,TF     ,金融期貨                      ,999999,1,1210,1234,1609,1944,4153
2008/11/12,TGF    ,臺幣黃金期貨                  ,200812,0,114,121,145,156,223
2008/11/12,TGF    ,臺幣黃金期貨                  ,200812,1,0,0,0,0,223
2008/11/12,TGF    ,臺幣黃金期貨                  ,999999,0,246,276,332,341,488
2008/11/12,TGF    ,臺幣黃金期貨                  ,999999,1,0,0,0,0,488
2008/11/12,TX     ,臺股期貨                      ,200811,0,37535,19142,46398,29815,70776
2008/11/12,TX     ,臺股期貨                      ,200811,1,37535,16566,46398,22894,70776
2008/11/12,TX     ,臺股期貨                      ,999999,0,44654,21787,55702,35383,88371
2008/11/12,TX     ,臺股期貨                      ,999999,1,44654,21787,54079,24487,88371
2008/11/12,XIF    ,非金電期貨                    ,200811,0,440,473,555,556,634
2008/11/12,XIF    ,非金電期貨                    ,200811,1,262,0,302,0,634
2008/11/12,XIF    ,非金電期貨                    ,999999,0,516,559,672,681,779
2008/11/12,XIF    ,非金電期貨                    ,999999,1,268,0,299,0,779
2008/11/13,CPF    ,三十天期利率期貨              ,200811,0,5,5,5,5,5
2008/11/13,CPF    ,三十天期利率期貨              ,200811,1,0,0,0,0,5
2008/11/13,CPF    ,三十天期利率期貨              ,999999,0,19,19,19,19,19
2008/11/13,CPF    ,三十天期利率期貨              ,999999,1,0,0,0,0,19
2008/11/13,GBF    ,十年期公債期貨                ,200812,0,9,9,9,9,9
2008/11/13,GBF    ,十年期公債期貨                ,200812,1,0,0,0,0,9
2008/11/13,GBF    ,十年期公債期貨                ,999999,0,14,13,14,14,14
2008/11/13,GBF    ,十年期公債期貨                ,999999,1,0,0,0,0,14
2008/11/13,GDF    ,黃金期貨                      ,200812,0,8,8,8,8,8
2008/11/13,GDF    ,黃金期貨                      ,200812,1,0,0,0,0,8
2008/11/13,GDF    ,黃金期貨                      ,999999,0,11,11,11,11,11
2008/11/13,GDF    ,黃金期貨                      ,999999,1,0,0,0,0,11
2008/11/13,GTF    ,櫃買期貨                      ,200811,0,84,61,91,86,96
2008/11/13,GTF    ,櫃買期貨                      ,200811,1,0,14,0,14,96
2008/11/13,GTF    ,櫃買期貨                      ,999999,0,91,67,106,102,119
2008/11/13,GTF    ,櫃買期貨                      ,999999,1,0,14,0,14,119
2008/11/13,MSF    ,摩臺期                        ,200811,0,40,41,41,41,41
2008/11/13,MSF    ,摩臺期                        ,200811,1,0,0,0,0,41
2008/11/13,MSF    ,摩臺期                        ,999999,0,40,41,41,41,41
2008/11/13,MSF    ,摩臺期                        ,999999,1,0,0,0,0,41
2008/11/13,T5F    ,臺灣50期貨                    ,200811,0,8,8,8,8,8
2008/11/13,T5F    ,臺灣50期貨                    ,200811,1,0,0,0,0,8
2008/11/13,T5F    ,臺灣50期貨                    ,999999,0,13,13,13,13,13
2008/11/13,T5F    ,臺灣50期貨                    ,999999,1,0,0,0,0,13
2008/11/13,TE     ,電子期貨                      ,200811,0,3450,3299,5038,4737,8198
2008/11/13,TE     ,電子期貨                      ,200811,1,2502,2401,3208,3524,8198
2008/11/13,TE     ,電子期貨                      ,999999,0,3768,3326,5485,4779,9036
2008/11/13,TE     ,電子期貨                      ,999999,1,3263,2401,3645,3524,9036
2008/11/13,TF     ,金融期貨                      ,200811,0,1442,1864,2057,2745,3802
2008/11/13,TF     ,金融期貨                      ,200811,1,1184,1241,1550,1757,3802
2008/11/13,TF     ,金融期貨                      ,999999,0,1442,1867,2120,2803,4145
2008/11/13,TF     ,金融期貨                      ,999999,1,1184,1241,1613,1802,4145
2008/11/13,TGF    ,臺幣黃金期貨                  ,200812,0,124,130,173,177,258
2008/11/13,TGF    ,臺幣黃金期貨                  ,200812,1,0,0,0,0,258
2008/11/13,TGF    ,臺幣黃金期貨                  ,999999,0,218,248,313,336,519
2008/11/13,TGF    ,臺幣黃金期貨                  ,999999,1,0,0,0,0,519
2008/11/13,TX     ,臺股期貨                      ,200811,0,35617,18815,44351,29539,65769
2008/11/13,TX     ,臺股期貨                      ,200811,1,35617,12931,44351,19875,65769
2008/11/13,TX     ,臺股期貨                      ,999999,0,46443,21759,58066,37699,89725
2008/11/13,TX     ,臺股期貨                      ,999999,1,46443,13824,56329,21044,89725
2008/11/13,XIF    ,非金電期貨                    ,200811,0,471,524,555,600,664
2008/11/13,XIF    ,非金電期貨                    ,200811,1,326,0,326,0,664
2008/11/13,XIF    ,非金電期貨                    ,999999,0,545,582,660,696,806
2008/11/13,XIF    ,非金電期貨                    ,999999,1,301,0,332,20,806
2008/11/14,CPF    ,三十天期利率期貨              ,200811,0,5,5,5,5,5
2008/11/14,CPF    ,三十天期利率期貨              ,200811,1,0,0,0,0,5
2008/11/14,CPF    ,三十天期利率期貨              ,999999,0,19,19,19,19,19
2008/11/14,CPF    ,三十天期利率期貨              ,999999,1,0,0,0,0,19
2008/11/14,GBF    ,十年期公債期貨                ,200812,0,9,9,9,9,9
2008/11/14,GBF    ,十年期公債期貨                ,200812,1,0,0,0,0,9
2008/11/14,GBF    ,十年期公債期貨                ,999999,0,14,13,14,14,14
2008/11/14,GBF    ,十年期公債期貨                ,999999,1,0,0,0,0,14
2008/11/14,GDF    ,黃金期貨                      ,200812,0,8,8,8,8,8
2008/11/14,GDF    ,黃金期貨                      ,200812,1,0,0,0,0,8
2008/11/14,GDF    ,黃金期貨                      ,999999,0,11,11,11,11,11
2008/11/14,GDF    ,黃金期貨                      ,999999,1,0,0,0,0,11
2008/11/14,GTF    ,櫃買期貨                      ,200811,0,81,58,88,82,91
2008/11/14,GTF    ,櫃買期貨                      ,200811,1,0,14,0,14,91
2008/11/14,GTF    ,櫃買期貨                      ,999999,0,101,69,116,111,130
2008/11/14,GTF    ,櫃買期貨                      ,999999,1,0,14,0,14,130
2008/11/14,MSF    ,摩臺期                        ,200811,0,40,41,41,41,41
2008/11/14,MSF    ,摩臺期                        ,200811,1,0,0,0,0,41
2008/11/14,MSF    ,摩臺期                        ,999999,0,42,43,43,43,43
2008/11/14,MSF    ,摩臺期                        ,999999,1,0,0,0,0,43
2008/11/14,T5F    ,臺灣50期貨                    ,200811,0,8,8,8,8,8
2008/11/14,T5F    ,臺灣50期貨                    ,200811,1,0,0,0,0,8
2008/11/14,T5F    ,臺灣50期貨                    ,999999,0,13,13,13,13,13
2008/11/14,T5F    ,臺灣50期貨                    ,999999,1,0,0,0,0,13
2008/11/14,TE     ,電子期貨                      ,200811,0,3546,2967,4926,4411,7686
2008/11/14,TE     ,電子期貨                      ,200811,1,3116,2043,3263,3157,7686
2008/11/14,TE     ,電子期貨                      ,999999,0,3930,3057,5603,4528,8835
2008/11/14,TE     ,電子期貨                      ,999999,1,3930,2093,3930,2976,8835
2008/11/14,TF     ,金融期貨                      ,200811,0,1459,1795,2068,2593,3856
2008/11/14,TF     ,金融期貨                      ,200811,1,1202,1169,1470,1769,3856
2008/11/14,TF     ,金融期貨                      ,999999,0,1460,1835,2154,2693,4355
2008/11/14,TF     ,金融期貨                      ,999999,1,1203,958,1533,1816,4355
2008/11/14,TGF    ,臺幣黃金期貨                  ,200812,0,122,123,162,165,244
2008/11/14,TGF    ,臺幣黃金期貨                  ,200812,1,0,0,0,0,244
2008/11/14,TGF    ,臺幣黃金期貨                  ,999999,0,203,213,289,287,485
2008/11/14,TGF    ,臺幣黃金期貨                  ,999999,1,0,0,0,0,485
2008/11/14,TX     ,臺股期貨                      ,200811,0,31847,19229,38341,28224,58078
2008/11/14,TX     ,臺股期貨                      ,200811,1,31847,13120,38341,19139,58078
2008/11/14,TX     ,臺股期貨                      ,999999,0,46853,23282,60688,38991,92453
2008/11/14,TX     ,臺股期貨                      ,999999,1,46853,14920,58722,24580,92453
2008/11/14,XIF    ,非金電期貨                    ,200811,0,438,500,525,561,614
2008/11/14,XIF    ,非金電期貨                    ,200811,1,328,0,328,0,614
2008/11/14,XIF    ,非金電期貨                    ,999999,0,544,551,658,685,813
2008/11/14,XIF    ,非金電期貨                    ,999999,1,303,44,334,64,813
2008/11/17,CPF    ,三十天期利率期貨              ,200811,0,4,4,4,4,4
2008/11/17,CPF    ,三十天期利率期貨              ,200811,1,0,0,0,0,4
2008/11/17,CPF    ,三十天期利率期貨              ,999999,0,18,18,18,18,18
2008/11/17,CPF    ,三十天期利率期貨              ,999999,1,0,0,0,0,18
2008/11/17,GBF    ,十年期公債期貨                ,200812,0,9,9,9,9,9
2008/11/17,GBF    ,十年期公債期貨                ,200812,1,0,0,0,0,9
2008/11/17,GBF    ,十年期公債期貨                ,999999,0,14,13,14,14,14
2008/11/17,GBF    ,十年期公債期貨                ,999999,1,0,0,0,0,14
2008/11/17,GDF    ,黃金期貨                      ,200812,0,7,7,7,7,7
2008/11/17,GDF    ,黃金期貨                      ,200812,1,0,0,0,0,7
2008/11/17,GDF    ,黃金期貨                      ,999999,0,10,10,10,10,10
2008/11/17,GDF    ,黃金期貨                      ,999999,1,0,0,0,0,10
2008/11/17,GTF    ,櫃買期貨                      ,200811,0,72,56,80,79,84
2008/11/17,GTF    ,櫃買期貨                      ,200811,1,0,0,0,0,84
2008/11/17,GTF    ,櫃買期貨                      ,999999,0,95,74,116,115,133
2008/11/17,GTF    ,櫃買期貨                      ,999999,1,0,0,0,0,133
2008/11/17,MSF    ,摩臺期                        ,200811,0,40,41,41,41,41
2008/11/17,MSF    ,摩臺期                        ,200811,1,0,0,0,0,41
2008/11/17,MSF    ,摩臺期                        ,999999,0,43,44,44,44,44
2008/11/17,MSF    ,摩臺期                        ,999999,1,0,0,0,0,44
2008/11/17,T5F    ,臺灣50期貨                    ,200811,0,8,8,8,8,8
2008/11/17,T5F    ,臺灣50期貨                    ,200811,1,0,0,0,0,8
2008/11/17,T5F    ,臺灣50期貨                    ,999999,0,13,13,13,13,13
2008/11/17,T5F    ,臺灣50期貨                    ,999999,1,0,0,0,0,13
2008/11/17,TE     ,電子期貨                      ,200811,0,3401,2736,4540,4004,6692
2008/11/17,TE     ,電子期貨                      ,200811,1,2863,1842,3012,2928,6692
2008/11/17,TE     ,電子期貨                      ,999999,0,3945,3109,5566,4467,8470
2008/11/17,TE     ,電子期貨                      ,999999,1,3945,2193,4166,3337,8470
2008/11/17,TF     ,金融期貨                      ,200811,0,1451,1762,2039,2454,3488
2008/11/17,TF     ,金融期貨                      ,200811,1,1182,1169,1281,1567,3488
2008/11/17,TF     ,金融期貨                      ,999999,0,1463,1925,2225,2783,4396
2008/11/17,TF     ,金融期貨                      ,999999,1,1194,958,1526,1816,4396
2008/11/17,TGF    ,臺幣黃金期貨                  ,200812,0,107,124,161,168,249
2008/11/17,TGF    ,臺幣黃金期貨                  ,200812,1,0,0,0,0,249
2008/11/17,TGF    ,臺幣黃金期貨                  ,999999,0,190,211,296,296,508
2008/11/17,TGF    ,臺幣黃金期貨                  ,999999,1,0,0,0,0,508
2008/11/17,TX     ,臺股期貨                      ,200811,0,24906,17592,29677,23495,45933
2008/11/17,TX     ,臺股期貨                      ,200811,1,24906,11568,29677,13600,45933
2008/11/17,TX     ,臺股期貨                      ,999999,0,46689,23647,60666,39127,91860
2008/11/17,TX     ,臺股期貨                      ,999999,1,46689,15590,58724,25247,91860
2008/11/17,XIF    ,非金電期貨                    ,200811,0,324,406,393,437,463
2008/11/17,XIF    ,非金電期貨                    ,200811,1,240,0,240,0,463
2008/11/17,XIF    ,非金電期貨                    ,999999,0,448,495,555,594,690
2008/11/17,XIF    ,非金電期貨                    ,999999,1,225,0,256,60,690
2008/11/18,CPF    ,三十天期利率期貨              ,200811,0,4,4,4,4,4
2008/11/18,CPF    ,三十天期利率期貨              ,200811,1,0,0,0,0,4
2008/11/18,CPF    ,三十天期利率期貨              ,999999,0,17,17,17,17,17
2008/11/18,CPF    ,三十天期利率期貨              ,999999,1,0,0,0,0,17
2008/11/18,GBF    ,十年期公債期貨                ,200812,0,9,9,9,9,9
2008/11/18,GBF    ,十年期公債期貨                ,200812,1,0,0,0,0,9
2008/11/18,GBF    ,十年期公債期貨                ,999999,0,15,13,15,15,15
2008/11/18,GBF    ,十年期公債期貨                ,999999,1,0,0,0,0,15
2008/11/18,GDF    ,黃金期貨                      ,200812,0,7,7,7,7,7
2008/11/18,GDF    ,黃金期貨                      ,200812,1,0,0,0,0,7
2008/11/18,GDF    ,黃金期貨                      ,999999,0,10,10,10,10,10
2008/11/18,GDF    ,黃金期貨                      ,999999,1,0,0,0,0,10
2008/11/18,GTF    ,櫃買期貨                      ,200811,0,71,61,79,78,80
2008/11/18,GTF    ,櫃買期貨                      ,200811,1,0,0,0,0,80
2008/11/18,GTF    ,櫃買期貨                      ,999999,0,99,79,117,115,134
2008/11/18,GTF    ,櫃買期貨                      ,999999,1,0,0,0,0,134
2008/11/18,MSF    ,摩臺期                        ,200811,0,44,45,45,45,45
2008/11/18,MSF    ,摩臺期                        ,200811,1,0,0,0,0,45
2008/11/18,MSF    ,摩臺期                        ,999999,0,47,48,48,48,48
2008/11/18,MSF    ,摩臺期                        ,999999,1,0,0,0,0,48
2008/11/18,T5F    ,臺灣50期貨                    ,200811,0,8,8,8,8,8
2008/11/18,T5F    ,臺灣50期貨                    ,200811,1,0,0,0,0,8
2008/11/18,T5F    ,臺灣50期貨                    ,999999,0,13,13,13,13,13
2008/11/18,T5F    ,臺灣50期貨                    ,999999,1,0,0,0,0,13
2008/11/18,TE     ,電子期貨                      ,200811,0,1804,2043,2593,2778,3900
2008/11/18,TE     ,電子期貨                      ,200811,1,1194,1132,1851,1492,3900
2008/11/18,TE     ,電子期貨                      ,999999,0,3942,3402,5374,4912,8874
2008/11/18,TE     ,電子期貨                      ,999999,1,3372,2882,4246,3462,8874
2008/11/18,TF     ,金融期貨                      ,200811,0,1054,1063,1456,1439,2257
2008/11/18,TF     ,金融期貨                      ,200811,1,668,660,919,942,2257
2008/11/18,TF     ,金融期貨                      ,999999,0,1400,1902,2100,2664,4239
2008/11/18,TF     ,金融期貨                      ,999999,1,1134,1154,1539,1815,4239
2008/11/18,TGF    ,臺幣黃金期貨                  ,200812,0,126,137,188,183,278
2008/11/18,TGF    ,臺幣黃金期貨                  ,200812,1,0,0,0,0,278
2008/11/18,TGF    ,臺幣黃金期貨                  ,999999,0,289,218,381,311,559
2008/11/18,TGF    ,臺幣黃金期貨                  ,999999,1,0,0,0,0,559
2008/11/18,TX     ,臺股期貨                      ,200811,0,15925,10046,18971,13996,30145
2008/11/18,TX     ,臺股期貨                      ,200811,1,15925,1626,18971,5576,30145
2008/11/18,TX     ,臺股期貨                      ,999999,0,48081,19192,60396,33896,90962
2008/11/18,TX     ,臺股期貨                      ,999999,1,48081,11376,58691,20138,90962
2008/11/18,XIF    ,非金電期貨                    ,200811,0,252,320,312,348,371
2008/11/18,XIF    ,非金電期貨                    ,200811,1,123,0,137,0,371
2008/11/18,XIF    ,非金電期貨                    ,999999,0,398,452,531,532,664
2008/11/18,XIF    ,非金電期貨                    ,999999,1,156,20,187,32,664
2008/11/19,CPF    ,三十天期利率期貨              ,200811,0,4,4,4,4,4
2008/11/19,CPF    ,三十天期利率期貨              ,200811,1,0,0,0,0,4
2008/11/19,CPF    ,三十天期利率期貨              ,999999,0,17,17,17,17,17
2008/11/19,CPF    ,三十天期利率期貨              ,999999,1,0,0,0,0,17
2008/11/19,GBF    ,十年期公債期貨                ,200812,0,9,9,9,9,9
2008/11/19,GBF    ,十年期公債期貨                ,200812,1,0,0,0,0,9
2008/11/19,GBF    ,十年期公債期貨                ,999999,0,19,18,19,19,19
2008/11/19,GBF    ,十年期公債期貨                ,999999,1,0,0,0,0,19
2008/11/19,GDF    ,黃金期貨                      ,200812,0,6,6,6,6,6
2008/11/19,GDF    ,黃金期貨                      ,200812,1,0,0,0,0,6
2008/11/19,GDF    ,黃金期貨                      ,999999,0,9,9,9,9,9
2008/11/19,GDF    ,黃金期貨                      ,999999,1,0,0,0,0,9
2008/11/19,GTF    ,櫃買期貨                      ,200811,0,61,62,67,67,67
2008/11/19,GTF    ,櫃買期貨                      ,200811,1,0,0,0,0,67
2008/11/19,GTF    ,櫃買期貨                      ,999999,0,82,90,106,113,127
2008/11/19,GTF    ,櫃買期貨                      ,999999,1,0,0,0,0,127
2008/11/19,MSF    ,摩臺期                        ,200811,0,46,47,47,47,47
2008/11/19,MSF    ,摩臺期                        ,200811,1,0,0,0,0,47
2008/11/19,MSF    ,摩臺期                        ,999999,0,50,51,51,51,51
2008/11/19,MSF    ,摩臺期                        ,999999,1,0,0,0,0,51
2008/11/19,T5F    ,臺灣50期貨                    ,200811,0,7,7,7,7,7
2008/11/19,T5F    ,臺灣50期貨                    ,200811,1,0,0,0,0,7
2008/11/19,T5F    ,臺灣50期貨                    ,999999,0,10,10,10,10,10
2008/11/19,T5F    ,臺灣50期貨                    ,999999,1,0,0,0,0,10
2008/11/19,TE     ,電子期貨                      ,200811,0,1509,1673,1900,2071,2368
2008/11/19,TE     ,電子期貨                      ,200811,1,1189,1150,1470,1548,2368
2008/11/19,TE     ,電子期貨                      ,999999,0,4214,3113,5691,4405,8486
2008/11/19,TE     ,電子期貨                      ,999999,1,4214,2729,4694,3309,8486
2008/11/19,TF     ,金融期貨                      ,200811,0,670,591,885,780,1138
2008/11/19,TF     ,金融期貨                      ,200811,1,310,343,462,424,1138
2008/11/19,TF     ,金融期貨                      ,999999,0,1373,1691,2079,2444,3912
2008/11/19,TF     ,金融期貨                      ,999999,1,949,784,1360,1458,3912
2008/11/19,TGF    ,臺幣黃金期貨                  ,200812,0,177,142,226,188,292
2008/11/19,TGF    ,臺幣黃金期貨                  ,200812,1,0,0,0,0,292
2008/11/19,TGF    ,臺幣黃金期貨                  ,999999,0,346,240,436,350,599
2008/11/19,TGF    ,臺幣黃金期貨                  ,999999,1,0,0,0,0,599
2008/11/19,TX     ,臺股期貨                      ,200811,0,13761,10448,16624,14134,22569
2008/11/19,TX     ,臺股期貨                      ,200811,1,13761,3028,16624,5988,22569
2008/11/19,TX     ,臺股期貨                      ,999999,0,50138,19377,62333,34559,93055
2008/11/19,TX     ,臺股期貨                      ,999999,1,50138,11740,60631,18022,93055
2008/11/19,XIF    ,非金電期貨                    ,200811,0,284,283,303,299,308
2008/11/19,XIF    ,非金電期貨                    ,200811,1,190,0,190,0,308
2008/11/19,XIF    ,非金電期貨                    ,999999,0,516,448,597,545,653
2008/11/19,XIF    ,非金電期貨                    ,999999,1,196,55,244,75,653
2008/11/20,CPF    ,三十天期利率期貨              ,200812,0,4,4,4,4,4
2008/11/20,CPF    ,三十天期利率期貨              ,200812,1,0,0,0,0,4
2008/11/20,CPF    ,三十天期利率期貨              ,999999,0,4,4,4,4,4
2008/11/20,CPF    ,三十天期利率期貨              ,999999,1,0,0,0,0,4
2008/11/20,GBF    ,十年期公債期貨                ,200812,0,9,9,9,9,9
2008/11/20,GBF    ,十年期公債期貨                ,200812,1,0,0,0,0,9
2008/11/20,GBF    ,十年期公債期貨                ,999999,0,17,16,17,17,17
2008/11/20,GBF    ,十年期公債期貨                ,999999,1,0,0,0,0,17
2008/11/20,GDF    ,黃金期貨                      ,200812,0,4,4,4,4,4
2008/11/20,GDF    ,黃金期貨                      ,200812,1,0,0,0,0,4
2008/11/20,GDF    ,黃金期貨                      ,999999,0,6,6,6,6,6
2008/11/20,GDF    ,黃金期貨                      ,999999,1,0,0,0,0,6
2008/11/20,GTF    ,櫃買期貨                      ,200812,0,33,35,44,46,49
2008/11/20,GTF    ,櫃買期貨                      ,200812,1,0,0,0,0,49
2008/11/20,GTF    ,櫃買期貨                      ,999999,0,38,40,51,55,65
2008/11/20,GTF    ,櫃買期貨                      ,999999,1,0,0,2,0,65
2008/11/20,MSF    ,摩臺期                        ,200812,0,7,7,7,7,7
2008/11/20,MSF    ,摩臺期                        ,200812,1,0,0,0,0,7
2008/11/20,MSF    ,摩臺期                        ,999999,0,7,7,7,7,7
2008/11/20,MSF    ,摩臺期                        ,999999,1,0,0,0,0,7
2008/11/20,T5F    ,臺灣50期貨                    ,200812,0,3,3,3,3,3
2008/11/20,T5F    ,臺灣50期貨                    ,200812,1,0,0,0,0,3
2008/11/20,T5F    ,臺灣50期貨                    ,999999,0,4,4,4,4,4
2008/11/20,T5F    ,臺灣50期貨                    ,999999,1,0,0,0,0,4
2008/11/20,TE     ,電子期貨                      ,200812,0,3352,2189,4417,3083,6251
2008/11/20,TE     ,電子期貨                      ,200812,1,2883,1558,3352,2274,6251
2008/11/20,TE     ,電子期貨                      ,999999,0,3352,2189,4429,3083,6336
2008/11/20,TE     ,電子期貨                      ,999999,1,2883,1558,3352,2274,6336
2008/11/20,TF     ,金融期貨                      ,200812,0,1173,1459,1629,2002,2884
2008/11/20,TF     ,金融期貨                      ,200812,1,848,976,1204,1169,2884
2008/11/20,TF     ,金融期貨                      ,999999,0,1173,1460,1629,2003,2911
2008/11/20,TF     ,金融期貨                      ,999999,1,848,976,1204,1169,2911
2008/11/20,TGF    ,臺幣黃金期貨                  ,200812,0,244,199,288,255,368
2008/11/20,TGF    ,臺幣黃金期貨                  ,200812,1,0,0,0,0,368
2008/11/20,TGF    ,臺幣黃金期貨                  ,999999,0,388,281,454,370,624
2008/11/20,TGF    ,臺幣黃金期貨                  ,999999,1,0,0,0,0,624
2008/11/20,TX     ,臺股期貨                      ,200812,0,37500,17804,46796,30562,72172
2008/11/20,TX     ,臺股期貨                      ,200812,1,37500,11376,44963,19131,72172
2008/11/20,TX     ,臺股期貨                      ,999999,0,38606,17804,48764,30562,76836
2008/11/20,TX     ,臺股期貨                      ,999999,1,38606,11376,46931,19131,76836
2008/11/20,XIF    ,非金電期貨                    ,200812,0,383,342,439,424,486
2008/11/20,XIF    ,非金電期貨                    ,200812,1,31,58,62,90,486
2008/11/20,XIF    ,非金電期貨                    ,999999,0,385,346,451,440,511
2008/11/20,XIF    ,非金電期貨                    ,999999,1,31,58,62,90,511
2008/11/21,CPF    ,三十天期利率期貨              ,200812,0,4,4,4,4,4
2008/11/21,CPF    ,三十天期利率期貨              ,200812,1,0,0,0,0,4
2008/11/21,CPF    ,三十天期利率期貨              ,999999,0,4,4,4,4,4
2008/11/21,CPF    ,三十天期利率期貨              ,999999,1,0,0,0,0,4
2008/11/21,GBF    ,十年期公債期貨                ,200812,0,9,9,9,9,9
2008/11/21,GBF    ,十年期公債期貨                ,200812,1,0,0,0,0,9
2008/11/21,GBF    ,十年期公債期貨                ,999999,0,18,17,18,18,18
2008/11/21,GBF    ,十年期公債期貨                ,999999,1,0,0,0,0,18
2008/11/21,GDF    ,黃金期貨                      ,200812,0,4,4,4,4,4
2008/11/21,GDF    ,黃金期貨                      ,200812,1,0,0,0,0,4
2008/11/21,GDF    ,黃金期貨                      ,999999,0,6,6,6,6,6
2008/11/21,GDF    ,黃金期貨                      ,999999,1,0,0,0,0,6
2008/11/21,GTF    ,櫃買期貨                      ,200812,0,43,45,51,57,59
2008/11/21,GTF    ,櫃買期貨                      ,200812,1,0,0,0,1,59
2008/11/21,GTF    ,櫃買期貨                      ,999999,0,48,50,61,70,77
2008/11/21,GTF    ,櫃買期貨                      ,999999,1,0,0,2,0,77
2008/11/21,MSF    ,摩臺期                        ,200812,0,9,9,9,9,9
2008/11/21,MSF    ,摩臺期                        ,200812,1,0,0,0,0,9
2008/11/21,MSF    ,摩臺期                        ,999999,0,9,9,9,9,9
2008/11/21,MSF    ,摩臺期                        ,999999,1,0,0,0,0,9
2008/11/21,T5F    ,臺灣50期貨                    ,200812,0,6,6,6,6,6
2008/11/21,T5F    ,臺灣50期貨                    ,200812,1,0,0,0,0,6
2008/11/21,T5F    ,臺灣50期貨                    ,999999,0,7,7,7,7,7
2008/11/21,T5F    ,臺灣50期貨                    ,999999,1,0,0,0,0,7
2008/11/21,TE     ,電子期貨                      ,200812,0,3336,2087,4536,3188,6910
2008/11/21,TE     ,電子期貨                      ,200812,1,2953,1370,3602,2471,6910
2008/11/21,TE     ,電子期貨                      ,999999,0,3345,2087,4557,3188,7043
2008/11/21,TE     ,電子期貨                      ,999999,1,2962,1370,3611,2471,7043
2008/11/21,TF     ,金融期貨                      ,200812,0,1112,1576,1526,2125,2887
2008/11/21,TF     ,金融期貨                      ,200812,1,970,1095,1324,1391,2887
2008/11/21,TF     ,金融期貨                      ,999999,0,1115,1577,1534,2128,2954
2008/11/21,TF     ,金融期貨                      ,999999,1,973,1095,1327,1391,2954
2008/11/21,TGF    ,臺幣黃金期貨                  ,200812,0,255,214,293,267,367
2008/11/21,TGF    ,臺幣黃金期貨                  ,200812,1,0,0,0,0,367
2008/11/21,TGF    ,臺幣黃金期貨                  ,999999,0,530,390,606,508,769
2008/11/21,TGF    ,臺幣黃金期貨                  ,999999,1,0,0,0,0,769
2008/11/21,TX     ,臺股期貨                      ,200812,0,37062,20622,46584,33393,72654
2008/11/21,TX     ,臺股期貨                      ,200812,1,37062,11376,44892,21760,72654
2008/11/21,TX     ,臺股期貨                      ,999999,0,37569,20622,48087,33393,77554
2008/11/21,TX     ,臺股期貨                      ,999999,1,37569,11376,48087,21760,77554
2008/11/21,XIF    ,非金電期貨                    ,200812,0,332,248,393,322,418
2008/11/21,XIF    ,非金電期貨                    ,200812,1,31,20,82,32,418
2008/11/21,XIF    ,非金電期貨                    ,999999,0,358,274,419,348,456
2008/11/21,XIF    ,非金電期貨                    ,999999,1,31,0,82,32,456
2008/11/24,CPF    ,三十天期利率期貨              ,200812,0,4,4,4,4,4
2008/11/24,CPF    ,三十天期利率期貨              ,200812,1,0,0,0,0,4
2008/11/24,CPF    ,三十天期利率期貨              ,999999,0,4,4,4,4,4
2008/11/24,CPF    ,三十天期利率期貨              ,999999,1,0,0,0,0,4
2008/11/24,GBF    ,十年期公債期貨                ,200812,0,9,9,9,9,9
2008/11/24,GBF    ,十年期公債期貨                ,200812,1,0,0,0,0,9
2008/11/24,GBF    ,十年期公債期貨                ,999999,0,18,17,18,18,18
2008/11/24,GBF    ,十年期公債期貨                ,999999,1,0,0,0,0,18
2008/11/24,GDF    ,黃金期貨                      ,200812,0,4,4,4,4,4
2008/11/24,GDF    ,黃金期貨                      ,200812,1,0,0,0,0,4
2008/11/24,GDF    ,黃金期貨                      ,999999,0,6,6,6,6,6
2008/11/24,GDF    ,黃金期貨                      ,999999,1,0,0,0,0,6
2008/11/24,GTF    ,櫃買期貨                      ,200812,0,40,47,54,60,65
2008/11/24,GTF    ,櫃買期貨                      ,200812,1,0,0,0,0,65
2008/11/24,GTF    ,櫃買期貨                      ,999999,0,45,51,65,73,86
2008/11/24,GTF    ,櫃買期貨                      ,999999,1,0,0,0,0,86
2008/11/24,MSF    ,摩臺期                        ,200812,0,9,9,9,9,9
2008/11/24,MSF    ,摩臺期                        ,200812,1,0,0,0,0,9
2008/11/24,MSF    ,摩臺期                        ,999999,0,9,9,9,9,9
2008/11/24,MSF    ,摩臺期                        ,999999,1,0,0,0,0,9
2008/11/24,T5F    ,臺灣50期貨                    ,200812,0,7,7,7,7,7
2008/11/24,T5F    ,臺灣50期貨                    ,200812,1,0,0,0,0,7
2008/11/24,T5F    ,臺灣50期貨                    ,999999,0,8,8,8,8,8
2008/11/24,T5F    ,臺灣50期貨                    ,999999,1,0,0,0,0,8
2008/11/24,TE     ,電子期貨                      ,200812,0,3431,2275,4971,3654,7181
2008/11/24,TE     ,電子期貨                      ,200812,1,3431,1871,3751,2947,7181
2008/11/24,TE     ,電子期貨                      ,999999,0,3456,2275,5006,3654,7325
2008/11/24,TE     ,電子期貨                      ,999999,1,3456,1871,3776,2947,7325
2008/11/24,TF     ,金融期貨                      ,200812,0,1253,1538,1787,2095,3094
2008/11/24,TF     ,金融期貨                      ,200812,1,1253,1095,1546,1467,3094
2008/11/24,TF     ,金融期貨                      ,999999,0,1262,1539,1796,2096,3154
2008/11/24,TF     ,金融期貨                      ,999999,1,1262,1095,1555,1467,3154
2008/11/24,TGF    ,臺幣黃金期貨                  ,200812,0,229,183,274,233,327
2008/11/24,TGF    ,臺幣黃金期貨                  ,200812,1,0,0,0,0,327
2008/11/24,TGF    ,臺幣黃金期貨                  ,999999,0,417,275,501,385,627
2008/11/24,TGF    ,臺幣黃金期貨                  ,999999,1,0,0,0,0,627
2008/11/24,TX     ,臺股期貨                      ,200812,0,36673,20612,46692,33237,73059
2008/11/24,TX     ,臺股期貨                      ,200812,1,36673,11376,44885,22150,73059
2008/11/24,TX     ,臺股期貨                      ,999999,0,38296,20612,49043,33449,78066
2008/11/24,TX     ,臺股期貨                      ,999999,1,38296,11376,47236,22150,78066
2008/11/24,XIF    ,非金電期貨                    ,200812,0,263,238,330,325,381
2008/11/24,XIF    ,非金電期貨                    ,200812,1,51,48,74,80,381
2008/11/24,XIF    ,非金電期貨                    ,999999,0,300,289,377,390,449
2008/11/24,XIF    ,非金電期貨                    ,999999,1,51,48,84,80,449
2008/11/25,CPF    ,三十天期利率期貨              ,200812,0,4,4,4,4,4
2008/11/25,CPF    ,三十天期利率期貨              ,200812,1,0,0,0,0,4
2008/11/25,CPF    ,三十天期利率期貨              ,999999,0,5,5,5,5,5
2008/11/25,CPF    ,三十天期利率期貨              ,999999,1,0,0,0,0,5
2008/11/25,GBF    ,十年期公債期貨                ,200812,0,9,9,9,9,9
2008/11/25,GBF    ,十年期公債期貨                ,200812,1,0,0,0,0,9
2008/11/25,GBF    ,十年期公債期貨                ,999999,0,18,18,18,18,18
2008/11/25,GBF    ,十年期公債期貨                ,999999,1,0,0,0,0,18
2008/11/25,GDF    ,黃金期貨                      ,200812,0,4,4,4,4,4
2008/11/25,GDF    ,黃金期貨                      ,200812,1,0,0,0,0,4
2008/11/25,GDF    ,黃金期貨                      ,999999,0,7,7,7,7,7
2008/11/25,GDF    ,黃金期貨                      ,999999,1,0,0,0,0,7
2008/11/25,GTF    ,櫃買期貨                      ,200812,0,38,43,50,59,63
2008/11/25,GTF    ,櫃買期貨                      ,200812,1,0,0,0,3,63
2008/11/25,GTF    ,櫃買期貨                      ,999999,0,53,52,70,80,92
2008/11/25,GTF    ,櫃買期貨                      ,999999,1,0,0,2,0,92
2008/11/25,MSF    ,摩臺期                        ,200812,0,11,11,11,11,11
2008/11/25,MSF    ,摩臺期                        ,200812,1,0,0,0,0,11
2008/11/25,MSF    ,摩臺期                        ,999999,0,12,12,12,12,12
2008/11/25,MSF    ,摩臺期                        ,999999,1,0,0,0,0,12
2008/11/25,T5F    ,臺灣50期貨                    ,200812,0,5,5,5,5,5
2008/11/25,T5F    ,臺灣50期貨                    ,200812,1,0,0,0,0,5
2008/11/25,T5F    ,臺灣50期貨                    ,999999,0,6,6,6,6,6
2008/11/25,T5F    ,臺灣50期貨                    ,999999,1,0,0,0,0,6
2008/11/25,TE     ,電子期貨                      ,200812,0,3524,2160,4902,3705,7375
2008/11/25,TE     ,電子期貨                      ,200812,1,3079,1347,3835,2502,7375
2008/11/25,TE     ,電子期貨                      ,999999,0,3561,2160,4959,3705,7550
2008/11/25,TE     ,電子期貨                      ,999999,1,3561,1347,3881,2502,7550
2008/11/25,TF     ,金融期貨                      ,200812,0,1258,1631,1758,2132,3101
2008/11/25,TF     ,金融期貨                      ,200812,1,1026,1152,1457,1520,3101
2008/11/25,TF     ,金融期貨                      ,999999,0,1274,1632,1781,2139,3180
2008/11/25,TF     ,金融期貨                      ,999999,1,1042,1152,1473,1520,3180
2008/11/25,TGF    ,臺幣黃金期貨                  ,200812,0,261,173,296,221,327
2008/11/25,TGF    ,臺幣黃金期貨                  ,200812,1,0,0,0,0,327
2008/11/25,TGF    ,臺幣黃金期貨                  ,999999,0,464,255,528,354,623
2008/11/25,TGF    ,臺幣黃金期貨                  ,999999,1,0,0,0,0,623
2008/11/25,TX     ,臺股期貨                      ,200812,0,36829,21747,46774,34334,75865
2008/11/25,TX     ,臺股期貨                      ,200812,1,36829,11676,44878,22640,75865
2008/11/25,TX     ,臺股期貨                      ,999999,0,37925,21747,48789,34753,80999
2008/11/25,TX     ,臺股期貨                      ,999999,1,37925,11676,46893,22640,80999
2008/11/25,XIF    ,非金電期貨                    ,200812,0,242,201,298,275,344
2008/11/25,XIF    ,非金電期貨                    ,200812,1,51,54,82,66,344
2008/11/25,XIF    ,非金電期貨                    ,999999,0,281,236,350,328,408
2008/11/25,XIF    ,非金電期貨                    ,999999,1,67,34,118,54,408
2008/11/26,CPF    ,三十天期利率期貨              ,200812,0,4,4,4,4,4
2008/11/26,CPF    ,三十天期利率期貨              ,200812,1,0,0,0,0,4
2008/11/26,CPF    ,三十天期利率期貨              ,999999,0,5,5,5,5,5
2008/11/26,CPF    ,三十天期利率期貨              ,999999,1,0,0,0,0,5
2008/11/26,GBF    ,十年期公債期貨                ,200812,0,9,9,9,9,9
2008/11/26,GBF    ,十年期公債期貨                ,200812,1,0,0,0,0,9
2008/11/26,GBF    ,十年期公債期貨                ,999999,0,18,18,18,18,18
2008/11/26,GBF    ,十年期公債期貨                ,999999,1,0,0,0,0,18
2008/11/26,GDF    ,黃金期貨                      ,200812,0,4,4,4,4,4
2008/11/26,GDF    ,黃金期貨                      ,200812,1,0,0,0,0,4
2008/11/26,GDF    ,黃金期貨                      ,999999,0,7,7,7,7,7
2008/11/26,GDF    ,黃金期貨                      ,999999,1,0,0,0,0,7
2008/11/26,GTF    ,櫃買期貨                      ,200812,0,40,45,54,65,69
2008/11/26,GTF    ,櫃買期貨                      ,200812,1,0,0,0,4,69
2008/11/26,GTF    ,櫃買期貨                      ,999999,0,55,52,71,79,94
2008/11/26,GTF    ,櫃買期貨                      ,999999,1,0,0,2,4,94
2008/11/26,MSF    ,摩臺期                        ,200812,0,12,12,12,12,12
2008/11/26,MSF    ,摩臺期                        ,200812,1,0,0,0,0,12
2008/11/26,MSF    ,摩臺期                        ,999999,0,13,13,13,13,13
2008/11/26,MSF    ,摩臺期                        ,999999,1,0,0,0,0,13
2008/11/26,T5F    ,臺灣50期貨                    ,200812,0,5,5,5,5,5
2008/11/26,T5F    ,臺灣50期貨                    ,200812,1,0,0,0,0,5
2008/11/26,T5F    ,臺灣50期貨                    ,999999,0,6,6,6,6,6
2008/11/26,T5F    ,臺灣50期貨                    ,999999,1,0,0,0,0,6
2008/11/26,TE     ,電子期貨                      ,200812,0,3569,2349,4967,3770,7725
2008/11/26,TE     ,電子期貨                      ,200812,1,3082,1465,3856,2886,7725
2008/11/26,TE     ,電子期貨                      ,999999,0,3585,2349,5026,3770,7917
2008/11/26,TE     ,電子期貨                      ,999999,1,3585,1465,3905,2886,7917
2008/11/26,TF     ,金融期貨                      ,200812,0,1259,1887,1786,2394,3379
2008/11/26,TF     ,金融期貨                      ,200812,1,1037,1135,1564,1503,3379
2008/11/26,TF     ,金融期貨                      ,999999,0,1276,1893,1803,2414,3475
2008/11/26,TF     ,金融期貨                      ,999999,1,1054,1135,1581,1503,3475
2008/11/26,TGF    ,臺幣黃金期貨                  ,200812,0,225,142,256,187,283
2008/11/26,TGF    ,臺幣黃金期貨                  ,200812,1,0,0,0,0,283
2008/11/26,TGF    ,臺幣黃金期貨                  ,999999,0,419,227,482,300,564
2008/11/26,TGF    ,臺幣黃金期貨                  ,999999,1,0,0,0,0,564
2008/11/26,TX     ,臺股期貨                      ,200812,0,37045,22394,47875,34993,77357
2008/11/26,TX     ,臺股期貨                      ,200812,1,37045,11776,47875,22741,77357
2008/11/26,TX     ,臺股期貨                      ,999999,0,39409,22394,50262,35389,82569
2008/11/26,TX     ,臺股期貨                      ,999999,1,39409,11776,50262,22741,82569
2008/11/26,XIF    ,非金電期貨                    ,200812,0,209,189,279,264,330
2008/11/26,XIF    ,非金電期貨                    ,200812,1,31,20,82,50,330
2008/11/26,XIF    ,非金電期貨                    ,999999,0,255,233,347,316,410
2008/11/26,XIF    ,非金電期貨                    ,999999,1,69,0,112,38,410
2008/11/27,CPF    ,三十天期利率期貨              ,200812,0,4,4,4,4,4
2008/11/27,CPF    ,三十天期利率期貨              ,200812,1,0,0,0,0,4
2008/11/27,CPF    ,三十天期利率期貨              ,999999,0,5,5,5,5,5
2008/11/27,CPF    ,三十天期利率期貨              ,999999,1,0,0,0,0,5
2008/11/27,GBF    ,十年期公債期貨                ,200812,0,9,9,9,9,9
2008/11/27,GBF    ,十年期公債期貨                ,200812,1,0,0,0,0,9
2008/11/27,GBF    ,十年期公債期貨                ,999999,0,22,22,22,22,22
2008/11/27,GBF    ,十年期公債期貨                ,999999,1,0,0,0,0,22
2008/11/27,GDF    ,黃金期貨                      ,200812,0,4,4,4,4,4
2008/11/27,GDF    ,黃金期貨                      ,200812,1,0,0,0,0,4
2008/11/27,GDF    ,黃金期貨                      ,999999,0,7,7,7,7,7
2008/11/27,GDF    ,黃金期貨                      ,999999,1,0,0,0,0,7
2008/11/27,GTF    ,櫃買期貨                      ,200812,0,45,50,57,69,72
2008/11/27,GTF    ,櫃買期貨                      ,200812,1,0,9,0,9,72
2008/11/27,GTF    ,櫃買期貨                      ,999999,0,59,57,78,90,106
2008/11/27,GTF    ,櫃買期貨                      ,999999,1,0,9,2,9,106
2008/11/27,MSF    ,摩臺期                        ,200812,0,12,12,12,12,12
2008/11/27,MSF    ,摩臺期                        ,200812,1,0,0,0,0,12
2008/11/27,MSF    ,摩臺期                        ,999999,0,13,13,13,13,13
2008/11/27,MSF    ,摩臺期                        ,999999,1,0,0,0,0,13
2008/11/27,T5F    ,臺灣50期貨                    ,200812,0,5,5,5,5,5
2008/11/27,T5F    ,臺灣50期貨                    ,200812,1,0,0,0,0,5
2008/11/27,T5F    ,臺灣50期貨                    ,999999,0,6,6,6,6,6
2008/11/27,T5F    ,臺灣50期貨                    ,999999,1,0,0,0,0,6
2008/11/27,TE     ,電子期貨                      ,200812,0,3687,2219,5176,3694,7942
2008/11/27,TE     ,電子期貨                      ,200812,1,3687,1245,4189,2720,7942
2008/11/27,TE     ,電子期貨                      ,999999,0,3736,2219,5230,3694,8152
2008/11/27,TE     ,電子期貨                      ,999999,1,3736,1245,4238,2720,8152
2008/11/27,TF     ,金融期貨                      ,200812,0,1269,1490,1804,2026,3247
2008/11/27,TF     ,金融期貨                      ,200812,1,1047,1152,1582,1603,3247
2008/11/27,TF     ,金融期貨                      ,999999,0,1286,1496,1821,2042,3345
2008/11/27,TF     ,金融期貨                      ,999999,1,1064,1152,1599,1542,3345
2008/11/27,TGF    ,臺幣黃金期貨                  ,200812,0,230,143,257,178,285
2008/11/27,TGF    ,臺幣黃金期貨                  ,200812,1,0,0,0,0,285
2008/11/27,TGF    ,臺幣黃金期貨                  ,999999,0,446,227,498,311,577
2008/11/27,TGF    ,臺幣黃金期貨                  ,999999,1,0,0,0,0,577
2008/11/27,TX     ,臺股期貨                      ,200812,0,36000,20843,45526,32391,72658
2008/11/27,TX     ,臺股期貨                      ,200812,1,36000,13771,45526,20429,72658
2008/11/27,TX     ,臺股期貨                      ,999999,0,36576,20843,46898,32914,78207
2008/11/27,TX     ,臺股期貨                      ,999999,1,36576,13771,46898,18929,78207
2008/11/27,XIF    ,非金電期貨                    ,200812,0,211,190,280,287,337
2008/11/27,XIF    ,非金電期貨                    ,200812,1,51,0,82,32,337
2008/11/27,XIF    ,非金電期貨                    ,999999,0,263,211,358,345,420
2008/11/27,XIF    ,非金電期貨                    ,999999,1,77,0,120,20,420
2008/11/28,CPF    ,三十天期利率期貨              ,200812,0,4,4,4,4,4
2008/11/28,CPF    ,三十天期利率期貨              ,200812,1,0,0,0,0,4
2008/11/28,CPF    ,三十天期利率期貨              ,999999,0,5,5,5,5,5
2008/11/28,CPF    ,三十天期利率期貨              ,999999,1,0,0,0,0,5
2008/11/28,GBF    ,十年期公債期貨                ,200812,0,9,9,9,9,9
2008/11/28,GBF    ,十年期公債期貨                ,200812,1,0,0,0,0,9
2008/11/28,GBF    ,十年期公債期貨                ,999999,0,22,22,22,22,22
2008/11/28,GBF    ,十年期公債期貨                ,999999,1,0,0,0,0,22
2008/11/28,GDF    ,黃金期貨                      ,200812,0,4,4,4,4,4
2008/11/28,GDF    ,黃金期貨                      ,200812,1,0,0,0,0,4
2008/11/28,GDF    ,黃金期貨                      ,999999,0,7,7,7,7,7
2008/11/28,GDF    ,黃金期貨                      ,999999,1,0,0,0,0,7
2008/11/28,GTF    ,櫃買期貨                      ,200812,0,41,53,53,70,72
2008/11/28,GTF    ,櫃買期貨                      ,200812,1,0,10,0,10,72
2008/11/28,GTF    ,櫃買期貨                      ,999999,0,58,63,76,97,109
2008/11/28,GTF    ,櫃買期貨                      ,999999,1,0,12,0,12,109
2008/11/28,MSF    ,摩臺期                        ,200812,0,11,11,11,11,11
2008/11/28,MSF    ,摩臺期                        ,200812,1,0,0,0,0,11
2008/11/28,MSF    ,摩臺期                        ,999999,0,12,12,12,12,12
2008/11/28,MSF    ,摩臺期                        ,999999,1,0,0,0,0,12
2008/11/28,T5F    ,臺灣50期貨                    ,200812,0,4,4,4,4,4
2008/11/28,T5F    ,臺灣50期貨                    ,200812,1,0,0,0,0,4
2008/11/28,T5F    ,臺灣50期貨                    ,999999,0,6,6,6,6,6
2008/11/28,T5F    ,臺灣50期貨                    ,999999,1,0,0,0,0,6
2008/11/28,TE     ,電子期貨                      ,200812,0,3695,2333,5342,3878,8007
2008/11/28,TE     ,電子期貨                      ,200812,1,3196,1359,4239,2904,8007
2008/11/28,TE     ,電子期貨                      ,999999,0,3725,2333,5396,3878,8228
2008/11/28,TE     ,電子期貨                      ,999999,1,3725,1359,4288,2904,8228
2008/11/28,TF     ,金融期貨                      ,200812,0,1266,1603,1824,2176,3366
2008/11/28,TF     ,金融期貨                      ,200812,1,1031,1152,1589,1568,3366
2008/11/28,TF     ,金融期貨                      ,999999,0,1283,1609,1841,2197,3463
2008/11/28,TF     ,金融期貨                      ,999999,1,1048,1152,1606,1568,3463
2008/11/28,TGF    ,臺幣黃金期貨                  ,200812,0,226,148,253,182,282
2008/11/28,TGF    ,臺幣黃金期貨                  ,200812,1,0,0,0,0,282
2008/11/28,TGF    ,臺幣黃金期貨                  ,999999,0,445,232,497,320,577
2008/11/28,TGF    ,臺幣黃金期貨                  ,999999,1,0,0,0,0,577
2008/11/28,TX     ,臺股期貨                      ,200812,0,35561,20843,45487,32418,72391
2008/11/28,TX     ,臺股期貨                      ,200812,1,35561,13771,43775,20194,72391
2008/11/28,TX     ,臺股期貨                      ,999999,0,37797,20843,47991,32655,78076
2008/11/28,TX     ,臺股期貨                      ,999999,1,37797,13771,46279,18399,78076
2008/11/28,XIF    ,非金電期貨                    ,200812,0,215,166,272,241,312
2008/11/28,XIF    ,非金電期貨                    ,200812,1,51,20,82,32,312
2008/11/28,XIF    ,非金電期貨                    ,999999,0,255,204,337,301,393
2008/11/28,XIF    ,非金電期貨                    ,999999,1,38,0,120,20,393
2008/12/1,CPF    ,三十天期利率期貨              ,200812,0,4,4,4,4,4
2008/12/1,CPF    ,三十天期利率期貨              ,200812,1,0,0,0,0,4
2008/12/1,CPF    ,三十天期利率期貨              ,999999,0,5,5,5,5,5
2008/12/1,CPF    ,三十天期利率期貨              ,999999,1,0,0,0,0,5
2008/12/1,GBF    ,十年期公債期貨                ,200812,0,13,13,13,13,13
2008/12/1,GBF    ,十年期公債期貨                ,200812,1,0,0,0,0,13
2008/12/1,GBF    ,十年期公債期貨                ,999999,0,29,28,29,29,29
2008/12/1,GBF    ,十年期公債期貨                ,999999,1,0,0,0,0,29
2008/12/1,GDF    ,黃金期貨                      ,200812,0,4,4,4,4,4
2008/12/1,GDF    ,黃金期貨                      ,200812,1,0,0,0,0,4
2008/12/1,GDF    ,黃金期貨                      ,999999,0,7,7,7,7,7
2008/12/1,GDF    ,黃金期貨                      ,999999,1,0,0,0,0,7
2008/12/1,GTF    ,櫃買期貨                      ,200812,0,43,60,56,70,71
2008/12/1,GTF    ,櫃買期貨                      ,200812,1,0,10,0,10,71
2008/12/1,GTF    ,櫃買期貨                      ,999999,0,61,67,84,99,113
2008/12/1,GTF    ,櫃買期貨                      ,999999,1,0,12,0,12,113
2008/12/1,MSF    ,摩臺期                        ,200812,0,11,11,11,11,11
2008/12/1,MSF    ,摩臺期                        ,200812,1,0,0,0,0,11
2008/12/1,MSF    ,摩臺期                        ,999999,0,12,12,12,12,12
2008/12/1,MSF    ,摩臺期                        ,999999,1,0,0,0,0,12
2008/12/1,T5F    ,臺灣50期貨                    ,200812,0,2,2,2,2,2
2008/12/1,T5F    ,臺灣50期貨                    ,200812,1,0,0,0,0,2
2008/12/1,T5F    ,臺灣50期貨                    ,999999,0,4,4,4,4,4
2008/12/1,T5F    ,臺灣50期貨                    ,999999,1,0,0,0,0,4
2008/12/1,TE     ,電子期貨                      ,200812,0,3542,2351,5245,3698,7406
2008/12/1,TE     ,電子期貨                      ,200812,1,3542,1397,4186,2558,7406
2008/12/1,TE     ,電子期貨                      ,999999,0,3600,2351,5308,3700,7641
2008/12/1,TE     ,電子期貨                      ,999999,1,3600,1397,4244,2558,7641
2008/12/1,TF     ,金融期貨                      ,200812,0,1137,1860,1837,2640,3983
2008/12/1,TF     ,金融期貨                      ,200812,1,736,917,1436,1434,3983
2008/12/1,TF     ,金融期貨                      ,999999,0,1157,1866,1857,2646,4094
2008/12/1,TF     ,金融期貨                      ,999999,1,756,917,1456,1434,4094
2008/12/1,TGF    ,臺幣黃金期貨                  ,200812,0,189,136,224,170,262
2008/12/1,TGF    ,臺幣黃金期貨                  ,200812,1,0,0,0,0,262
2008/12/1,TGF    ,臺幣黃金期貨                  ,999999,0,405,219,460,299,556
2008/12/1,TGF    ,臺幣黃金期貨                  ,999999,1,0,0,0,0,556
2008/12/1,TX     ,臺股期貨                      ,200812,0,32581,19574,40895,29371,63449
2008/12/1,TX     ,臺股期貨                      ,200812,1,32581,6913,39297,14685,63449
2008/12/1,TX     ,臺股期貨                      ,999999,0,34102,19590,42710,29963,69468
2008/12/1,TX     ,臺股期貨                      ,999999,1,34102,6913,42710,13144,69468
2008/12/1,XIF    ,非金電期貨                    ,200812,0,175,156,238,234,286
2008/12/1,XIF    ,非金電期貨                    ,200812,1,104,0,127,32,286
2008/12/1,XIF    ,非金電期貨                    ,999999,0,228,203,295,288,357
2008/12/1,XIF    ,非金電期貨                    ,999999,1,128,0,171,32,357
2008/12/2,CPF    ,三十天期利率期貨              ,200812,0,7,7,7,7,7
2008/12/2,CPF    ,三十天期利率期貨              ,200812,1,0,0,0,0,7
2008/12/2,CPF    ,三十天期利率期貨              ,999999,0,9,9,9,9,9
2008/12/2,CPF    ,三十天期利率期貨              ,999999,1,0,0,0,0,9
2008/12/2,GBF    ,十年期公債期貨                ,200812,0,12,12,12,12,12
2008/12/2,GBF    ,十年期公債期貨                ,200812,1,0,0,0,0,12
2008/12/2,GBF    ,十年期公債期貨                ,999999,0,28,28,29,29,29
2008/12/2,GBF    ,十年期公債期貨                ,999999,1,0,0,0,0,29
2008/12/2,GDF    ,黃金期貨                      ,200812,0,4,4,4,4,4
2008/12/2,GDF    ,黃金期貨                      ,200812,1,0,0,0,0,4
2008/12/2,GDF    ,黃金期貨                      ,999999,0,7,7,7,7,7
2008/12/2,GDF    ,黃金期貨                      ,999999,1,0,0,0,0,7
2008/12/2,GTF    ,櫃買期貨                      ,200812,0,44,45,53,58,59
2008/12/2,GTF    ,櫃買期貨                      ,200812,1,0,10,0,10,59
2008/12/2,GTF    ,櫃買期貨                      ,999999,0,66,71,87,96,106
2008/12/2,GTF    ,櫃買期貨                      ,999999,1,0,12,2,12,106
2008/12/2,MSF    ,摩臺期                        ,200812,0,13,13,13,13,13
2008/12/2,MSF    ,摩臺期                        ,200812,1,0,0,0,0,13
2008/12/2,MSF    ,摩臺期                        ,999999,0,14,14,14,14,14
2008/12/2,MSF    ,摩臺期                        ,999999,1,0,0,0,0,14
2008/12/2,T5F    ,臺灣50期貨                    ,200812,0,2,2,2,2,2
2008/12/2,T5F    ,臺灣50期貨                    ,200812,1,0,0,0,0,2
2008/12/2,T5F    ,臺灣50期貨                    ,999999,0,4,4,4,4,4
2008/12/2,T5F    ,臺灣50期貨                    ,999999,1,0,0,0,0,4
2008/12/2,TE     ,電子期貨                      ,200812,0,3428,2472,5249,3912,7624
2008/12/2,TE     ,電子期貨                      ,200812,1,2857,1405,4066,2845,7624
2008/12/2,TE     ,電子期貨                      ,999999,0,3490,2472,5312,3912,7866
2008/12/2,TE     ,電子期貨                      ,999999,1,2915,1405,4124,2845,7866
2008/12/2,TF     ,金融期貨                      ,200812,0,1171,1744,1790,2308,3497
2008/12/2,TF     ,金融期貨                      ,200812,1,971,1151,1480,1428,3497
2008/12/2,TF     ,金融期貨                      ,999999,0,1191,1750,1812,2333,3614
2008/12/2,TF     ,金融期貨                      ,999999,1,991,1151,1500,1428,3614
2008/12/2,TGF    ,臺幣黃金期貨                  ,200812,0,171,120,205,150,251
2008/12/2,TGF    ,臺幣黃金期貨                  ,200812,1,0,0,0,0,251
2008/12/2,TGF    ,臺幣黃金期貨                  ,999999,0,354,205,403,273,511
2008/12/2,TGF    ,臺幣黃金期貨                  ,999999,1,0,0,0,0,511
2008/12/2,TX     ,臺股期貨                      ,200812,0,33709,20300,42734,31041,69008
2008/12/2,TX     ,臺股期貨                      ,200812,1,33709,10093,40844,18581,69008
2008/12/2,TX     ,臺股期貨                      ,999999,0,35538,20300,45164,31514,75283
2008/12/2,TX     ,臺股期貨                      ,999999,1,35538,10093,43274,15343,75283
2008/12/2,XIF    ,非金電期貨                    ,200812,0,192,197,257,278,329
2008/12/2,XIF    ,非金電期貨                    ,200812,1,72,20,101,48,329
2008/12/2,XIF    ,非金電期貨                    ,999999,0,234,251,314,340,413
2008/12/2,XIF    ,非金電期貨                    ,999999,1,92,20,136,36,413
2008/12/3,CPF    ,三十天期利率期貨              ,200812,0,7,7,7,7,7
2008/12/3,CPF    ,三十天期利率期貨              ,200812,1,0,0,0,0,7
2008/12/3,CPF    ,三十天期利率期貨              ,999999,0,9,9,9,9,9
2008/12/3,CPF    ,三十天期利率期貨              ,999999,1,0,0,0,0,9
2008/12/3,GBF    ,十年期公債期貨                ,200812,0,12,12,12,12,12
2008/12/3,GBF    ,十年期公債期貨                ,200812,1,0,0,0,0,12
2008/12/3,GBF    ,十年期公債期貨                ,999999,0,28,28,29,29,29
2008/12/3,GBF    ,十年期公債期貨                ,999999,1,0,0,0,0,29
2008/12/3,GDF    ,黃金期貨                      ,200812,0,4,4,4,4,4
2008/12/3,GDF    ,黃金期貨                      ,200812,1,0,0,0,0,4
2008/12/3,GDF    ,黃金期貨                      ,999999,0,8,8,8,8,8
2008/12/3,GDF    ,黃金期貨                      ,999999,1,0,0,0,0,8
2008/12/3,GTF    ,櫃買期貨                      ,200812,0,49,52,59,65,66
2008/12/3,GTF    ,櫃買期貨                      ,200812,1,0,10,0,10,66
2008/12/3,GTF    ,櫃買期貨                      ,999999,0,73,80,94,105,114
2008/12/3,GTF    ,櫃買期貨                      ,999999,1,0,12,0,12,114
2008/12/3,MSF    ,摩臺期                        ,200812,0,18,18,18,18,18
2008/12/3,MSF    ,摩臺期                        ,200812,1,0,0,0,0,18
2008/12/3,MSF    ,摩臺期                        ,999999,0,19,19,19,19,19
2008/12/3,MSF    ,摩臺期                        ,999999,1,0,0,0,0,19
2008/12/3,T5F    ,臺灣50期貨                    ,200812,0,3,3,3,3,3
2008/12/3,T5F    ,臺灣50期貨                    ,200812,1,0,0,0,0,3
2008/12/3,T5F    ,臺灣50期貨                    ,999999,0,5,5,5,5,5
2008/12/3,T5F    ,臺灣50期貨                    ,999999,1,0,0,0,0,5
2008/12/3,TE     ,電子期貨                      ,200812,0,3707,2747,5489,4187,8620
2008/12/3,TE     ,電子期貨                      ,200812,1,3059,1492,4597,2932,8620
2008/12/3,TE     ,電子期貨                      ,999999,0,3710,2747,5558,4187,8878
2008/12/3,TE     ,電子期貨                      ,999999,1,3059,1492,4663,2932,8878
2008/12/3,TF     ,金融期貨                      ,200812,0,1184,1463,1816,2015,3564
2008/12/3,TF     ,金融期貨                      ,200812,1,984,1151,1494,1376,3564
2008/12/3,TF     ,金融期貨                      ,999999,0,1206,1469,1843,2024,3694
2008/12/3,TF     ,金融期貨                      ,999999,1,1006,1151,1406,1297,3694
2008/12/3,TGF    ,臺幣黃金期貨                  ,200812,0,198,129,233,165,277
2008/12/3,TGF    ,臺幣黃金期貨                  ,200812,1,0,0,0,0,277
2008/12/3,TGF    ,臺幣黃金期貨                  ,999999,0,405,230,457,295,553
2008/12/3,TGF    ,臺幣黃金期貨                  ,999999,1,0,0,0,0,553
2008/12/3,TX     ,臺股期貨                      ,200812,0,35100,20984,44892,32185,72929
2008/12/3,TX     ,臺股期貨                      ,200812,1,35100,10657,42784,18155,72929
2008/12/3,TX     ,臺股期貨                      ,999999,0,37385,20984,47734,32808,79606
2008/12/3,TX     ,臺股期貨                      ,999999,1,37385,10657,45626,16536,79606
2008/12/3,XIF    ,非金電期貨                    ,200812,0,216,202,278,281,352
2008/12/3,XIF    ,非金電期貨                    ,200812,1,94,69,103,101,352
2008/12/3,XIF    ,非金電期貨                    ,999999,0,257,238,336,333,431
2008/12/3,XIF    ,非金電期貨                    ,999999,1,124,69,144,89,431
2008/12/4,CPF    ,三十天期利率期貨              ,200812,0,7,7,7,7,7
2008/12/4,CPF    ,三十天期利率期貨              ,200812,1,0,0,0,0,7
2008/12/4,CPF    ,三十天期利率期貨              ,999999,0,9,9,9,9,9
2008/12/4,CPF    ,三十天期利率期貨              ,999999,1,0,0,0,0,9
2008/12/4,GBF    ,十年期公債期貨                ,200812,0,12,12,12,12,12
2008/12/4,GBF    ,十年期公債期貨                ,200812,1,0,0,0,0,12
2008/12/4,GBF    ,十年期公債期貨                ,999999,0,28,28,29,29,29
2008/12/4,GBF    ,十年期公債期貨                ,999999,1,0,0,0,0,29
2008/12/4,GDF    ,黃金期貨                      ,200812,0,4,4,4,4,4
2008/12/4,GDF    ,黃金期貨                      ,200812,1,0,0,0,0,4
2008/12/4,GDF    ,黃金期貨                      ,999999,0,8,8,8,8,8
2008/12/4,GDF    ,黃金期貨                      ,999999,1,0,0,0,0,8
2008/12/4,GTF    ,櫃買期貨                      ,200812,0,56,61,66,72,74
2008/12/4,GTF    ,櫃買期貨                      ,200812,1,0,10,0,10,74
2008/12/4,GTF    ,櫃買期貨                      ,999999,0,82,89,104,113,124
2008/12/4,GTF    ,櫃買期貨                      ,999999,1,0,12,2,12,124
2008/12/4,MSF    ,摩臺期                        ,200812,0,22,22,22,22,22
2008/12/4,MSF    ,摩臺期                        ,200812,1,0,0,0,0,22
2008/12/4,MSF    ,摩臺期                        ,999999,0,23,23,23,23,23
2008/12/4,MSF    ,摩臺期                        ,999999,1,0,0,0,0,23
2008/12/4,T5F    ,臺灣50期貨                    ,200812,0,2,2,2,2,2
2008/12/4,T5F    ,臺灣50期貨                    ,200812,1,0,0,0,0,2
2008/12/4,T5F    ,臺灣50期貨                    ,999999,0,4,4,4,4,4
2008/12/4,T5F    ,臺灣50期貨                    ,999999,1,0,0,0,0,4
2008/12/4,TE     ,電子期貨                      ,200812,0,3887,2877,5787,4455,9412
2008/12/4,TE     ,電子期貨                      ,200812,1,3212,2006,4861,3200,9412
2008/12/4,TE     ,電子期貨                      ,999999,0,3890,2877,5873,4455,9707
2008/12/4,TE     ,電子期貨                      ,999999,1,3212,2006,4943,3200,9707
2008/12/4,TF     ,金融期貨                      ,200812,0,1294,1410,1919,1983,3740
2008/12/4,TF     ,金融期貨                      ,200812,1,1094,1151,1494,1297,3740
2008/12/4,TF     ,金融期貨                      ,999999,0,1322,1410,1954,2000,3876
2008/12/4,TF     ,金融期貨                      ,999999,1,1122,1151,1522,1297,3876
2008/12/4,TGF    ,臺幣黃金期貨                  ,200812,0,175,129,213,164,256
2008/12/4,TGF    ,臺幣黃金期貨                  ,200812,1,0,0,0,0,256
2008/12/4,TGF    ,臺幣黃金期貨                  ,999999,0,388,265,445,333,555
2008/12/4,TGF    ,臺幣黃金期貨                  ,999999,1,0,0,0,0,555
2008/12/4,TX     ,臺股期貨                      ,200812,0,36252,21834,45594,33660,76247
2008/12/4,TX     ,臺股期貨                      ,200812,1,36252,11457,43486,18977,76247
2008/12/4,TX     ,臺股期貨                      ,999999,0,38186,21834,48760,34197,83334
2008/12/4,TX     ,臺股期貨                      ,999999,1,38186,11457,46652,17431,83334
2008/12/4,XIF    ,非金電期貨                    ,200812,0,251,239,342,317,407
2008/12/4,XIF    ,非金電期貨                    ,200812,1,86,0,139,32,407
2008/12/4,XIF    ,非金電期貨                    ,999999,0,323,302,420,390,496
2008/12/4,XIF    ,非金電期貨                    ,999999,1,149,0,202,32,496
 
月份類別格式:yyyymm為近月，999999 為所有月份
交易人類別格式： 0 為部位排序前五大或前十大交易人，1 為部位排序前五大或前十大交易人中，屬於特定法人者
