ÃÒ¨é¥N¸¹¤Î¦WºÙ,¥«³õ§O,²£·~§O,²£·~§O½X,¥«³õ§O½X
1704 ¡@ºa¤Æ,¤W¥«,¤Æ¾Ç¤u·~,1,1
1708 ¡@ªFÆP,¤W¥«,¤Æ¾Ç¤u·~,1,1
1709 ¡@©M¯q,¤W¥«,¤Æ¾Ç¤u·~,1,1
1710 ¡@ªFÁp,¤W¥«,¤Æ¾Ç¤u·~,1,1
1711 ¡@¥Ã¥ú,¤W¥«,¤Æ¾Ç¤u·~,1,1
1712 ¡@¿³¹A,¤W¥«,¤Æ¾Ç¤u·~,1,1
1713 ¡@°ê¤Æ,¤W¥«,¤Æ¾Ç¤u·~,1,1
1714 ¡@©M®ä,¤W¥«,¤Æ¾Ç¤u·~,1,1
1717 ¡@ªø¿³,¤W¥«,¤Æ¾Ç¤u·~,1,1
1718 ¡@¤¤ÅÖ,¤W¥«,¤Æ¾Ç¤u·~,1,1
1721 ¡@¤T®Ì,¤W¥«,¤Æ¾Ç¤u·~,1,1
1722 ¡@¥xªÎ,¤W¥«,¤Æ¾Ç¤u·~,1,1
1723 ¡@¤¤ºÒ,¤W¥«,¤Æ¾Ç¤u·~,1,1
1724 ¡@¥xµv,¤W¥«,¤Æ¾Ç¤u·~,1,1
1725 ¡@¤¸ºÕ,¤W¥«,¤Æ¾Ç¤u·~,1,1
1726 ¡@¥Ã°O,¤W¥«,¤Æ¾Ç¤u·~,1,1
1727 ¡@¤¤µØ¤Æ,¤W¥«,¤Æ¾Ç¤u·~,1,1
1730 ¡@ªá¥P¤l,¤W¥«,¤Æ¾Ç¤u·~,1,1
1732 ¡@¤òÄ_,¤W¥«,¤Æ¾Ç¤u·~,1,1
1735 ¡@¤é³Ó¤Æ,¤W¥«,¤Æ¾Ç¤u·~,1,1
1737 ¡@»OÆQ,¤W¥«,¤Æ¾Ç¤u·~,1,1
1773 ¡@³Ó¤@,¤W¥«,¤Æ¾Ç¤u·~,1,1
4725 ¡@«H©÷¤Æ,¤W¥«,¤Æ¾Ç¤u·~,1,1
1101 ¡@¥xªd,¤W¥«,¤ôªd¤u·~,2,1
1102 ¡@¨Èªd,¤W¥«,¤ôªd¤u·~,2,1
1103 ¡@¹Åªd,¤W¥«,¤ôªd¤u·~,2,1
1104 ¡@Àôªd,¤W¥«,¤ôªd¤u·~,2,1
1108 ¡@©¯ºÖ,¤W¥«,¤ôªd¤u·~,2,1
1109 ¡@«H¤j,¤W¥«,¤ôªd¤u·~,2,1
1110 ¡@ªFªd,¤W¥«,¤ôªd¤u·~,2,1
1437 ¡@¶Ô¯q,¤W¥«,¥b¾ÉÅé·~,3,1
2302 ¡@ÄR¥¿,¤W¥«,¥b¾ÉÅé·~,3,1
2303 ¡@Áp¹q,¤W¥«,¥b¾ÉÅé·~,3,1
2311 ¡@¤é¤ë¥ú,¤W¥«,¥b¾ÉÅé·~,3,1
2325 ¡@ª¿«~,¤W¥«,¥b¾ÉÅé·~,3,1
2329 ¡@µØ®õ,¤W¥«,¥b¾ÉÅé·~,3,1
2330 ¡@¥x¿n¹q,¤W¥«,¥b¾ÉÅé·~,3,1
2337 ¡@©ô§»,¤W¥«,¥b¾ÉÅé·~,3,1
2338 ¡@¥ú¸n,¤W¥«,¥b¾ÉÅé·~,3,1
2342 ¡@­Zª¿,¤W¥«,¥b¾ÉÅé·~,3,1
2344 ¡@µØ¨¹¹q,¤W¥«,¥b¾ÉÅé·~,3,1
2351 ¡@¶¶¼w,¤W¥«,¥b¾ÉÅé·~,3,1
2363 ¡@ª¿²Î,¤W¥«,¥b¾ÉÅé·~,3,1
2369 ¡@µÙ¥Í,¤W¥«,¥b¾ÉÅé·~,3,1
2379 ¡@·ç¬R,¤W¥«,¥b¾ÉÅé·~,3,1
2388 ¡@«Â²±,¤W¥«,¥b¾ÉÅé·~,3,1
2401 ¡@­â¶§,¤W¥«,¥b¾ÉÅé·~,3,1
2408 ¡@«n¬ì,¤W¥«,¥b¾ÉÅé·~,3,1
2425 ¡@©Ó±Ò,¤W¥«,¥b¾ÉÅé·~,3,1
2434 ¡@²ÎÀ·,¤W¥«,¥b¾ÉÅé·~,3,1
2436 ¡@°¶¸à¹q,¤W¥«,¥b¾ÉÅé·~,3,1
2441 ¡@¶WÂ×,¤W¥«,¥b¾ÉÅé·~,3,1
2446 ¡@¥þÀ·,¤W¥«,¥b¾ÉÅé·~,3,1
2449 ¡@¨Ê¤¸¹q,¤W¥«,¥b¾ÉÅé·~,3,1
2451 ¡@³Ð¨£,¤W¥«,¥b¾ÉÅé·~,3,1
2454 ¡@Ápµo¬ì,¤W¥«,¥b¾ÉÅé·~,3,1
2458 ¡@¸q¶©,¤W¥«,¥b¾ÉÅé·~,3,1
2473 ¡@«ä·½,¤W¥«,¥b¾ÉÅé·~,3,1
2481 ¡@±j­Z,¤W¥«,¥b¾ÉÅé·~,3,1
3006 ¡@´¹»¨¬ì,¤W¥«,¥b¾ÉÅé·~,3,1
3014 ¡@Áp¶§,¤W¥«,¥b¾ÉÅé·~,3,1
3016 ¡@¹Å´¹,¤W¥«,¥b¾ÉÅé·~,3,1
3034 ¡@Ápµú,¤W¥«,¥b¾ÉÅé·~,3,1
3035 ¡@´¼­ì,¤W¥«,¥b¾ÉÅé·~,3,1
3041 ¡@´­´¼,¤W¥«,¥b¾ÉÅé·~,3,1
3056 ¡@Â@»õ,¤W¥«,¥b¾ÉÅé·~,3,1
3063 ¡@­¸«H,¤W¥«,¥b¾ÉÅé·~,3,1
3094 ¡@Áp³Ç,¤W¥«,¥b¾ÉÅé·~,3,1
3189 ¡@´ººÓ,¤W¥«,¥b¾ÉÅé·~,3,1
3443 ¡@³Ð·N,¤W¥«,¥b¾ÉÅé·~,3,1
3474 ¡@µØ¨È¬ì,¤W¥«,¥b¾ÉÅé·~,3,1
3519 ¡@ºñ¯à,¤W¥«,¥b¾ÉÅé·~,3,1
3532 ¡@¥x³Ó¬ì,¤W¥«,¥b¾ÉÅé·~,3,1
3534 ¡@¹p­â,¤W¥«,¥b¾ÉÅé·~,3,1
3545 ¡@¦°Â`,¤W¥«,¥b¾ÉÅé·~,3,1
3559 ¡@¥þ´¼¬ì,¤W¥«,¥b¾ÉÅé·~,3,1
3588 ¡@³q¹Å,¤W¥«,¥b¾ÉÅé·~,3,1
3614 ¡@¸Û­P,¤W¥«,¥b¾ÉÅé·~,3,1
5471 ¡@ªQ¿«,¤W¥«,¥b¾ÉÅé·~,3,1
6145 ¡@«l¥Ã,¤W¥«,¥b¾ÉÅé·~,3,1
6202 ¡@²±¸s,¤W¥«,¥b¾ÉÅé·~,3,1
6239 ¡@¤O¦¨,¤W¥«,¥b¾ÉÅé·~,3,1
6257 ¡@ª¿®æ,¤W¥«,¥b¾ÉÅé·~,3,1
6271 ¡@¦PªY¹q,¤W¥«,¥b¾ÉÅé·~,3,1
6286 ¡@¥ßÀB,¤W¥«,¥b¾ÉÅé·~,3,1
8016 ¡@ª¿³Ð,¤W¥«,¥b¾ÉÅé·~,3,1
8081 ¡@­P·s,¤W¥«,¥b¾ÉÅé·~,3,1
8110 ¡@µØªF,¤W¥«,¥b¾ÉÅé·~,3,1
8131 ¡@ºÖÀ·¬ì,¤W¥«,¥b¾ÉÅé·~,3,1
1701 ¡@¤¤¤Æ,¤W¥«,¥Í§ÞÂåÀø·~,4,1
1707 ¡@¸²µå¤ý,¤W¥«,¥Í§ÞÂåÀø·~,4,1
1716 ¡@¥Ã«H,¤W¥«,¥Í§ÞÂåÀø·~,4,1
1720 ¡@¥Í¹F,¤W¥«,¥Í§ÞÂåÀø·~,4,1
1729 ¡@¥²µ¾,¤W¥«,¥Í§ÞÂåÀø·~,4,1
1731 ¡@¬ü§^µØ,¤W¥«,¥Í§ÞÂåÀø·~,4,1
1733 ¡@¤­¹©,¤W¥«,¥Í§ÞÂåÀø·~,4,1
1734 ¡@§ö½÷,¤W¥«,¥Í§ÞÂåÀø·~,4,1
1736 ¡@³ì¤s,¤W¥«,¥Í§ÞÂåÀø·~,4,1
4104 ¡@ªF¶T,¤W¥«,¥Í§ÞÂåÀø·~,4,1
4106 ¡@Ü¦³Õ,¤W¥«,¥Í§ÞÂåÀø·~,4,1
4108 ¡@Ãh¯S,¤W¥«,¥Í§ÞÂåÀø·~,4,1
4119 ¡@¦°´I,¤W¥«,¥Í§ÞÂåÀø·~,4,1
2323 ¡@¤¤Àô,¤W¥«,¥ú¹q·~,5,1
2340 ¡@¥ú½U,¤W¥«,¥ú¹q·~,5,1
2349 ¡@ëä¼w,¤W¥«,¥ú¹q·~,5,1
2374 ¡@¨Î¯à,¤W¥«,¥ú¹q·~,5,1
2384 ¡@³ÓµØ,¤W¥«,¥ú¹q·~,5,1
2393 ¡@»õ¥ú,¤W¥«,¥ú¹q·~,5,1
2406 ¡@°êºÓ,¤W¥«,¥ú¹q·~,5,1
2409 ¡@¤Í¹F,¤W¥«,¥ú¹q·~,5,1
2426 ¡@¹©¤¸,¤W¥«,¥ú¹q·~,5,1
2443 ¡@·s§Q­i,¤W¥«,¥ú¹q·~,5,1
2448 ¡@´¹¹q,¤W¥«,¥ú¹q·~,5,1
2466 ¡@«a¦è¹q,¤W¥«,¥ú¹q·~,5,1
2475 ¡@µØ¬M,¤W¥«,¥ú¹q·~,5,1
2486 ¡@¤@¸à,¤W¥«,¥ú¹q·~,5,1
2489 ¡@·ç°a,¤W¥«,¥ú¹q·~,5,1
2491 ¡@¦N²»¥þ,¤W¥«,¥ú¹q·~,5,1
2499 ¡@ªF¨©,¤W¥«,¥ú¹q·~,5,1
3008 ¡@¤j¥ß¥ú,¤W¥«,¥ú¹q·~,5,1
3009 ¡@©_¬ü¹q,¤W¥«,¥ú¹q·~,5,1
3019 ¡@¨È¥ú,¤W¥«,¥ú¹q·~,5,1
3024 ¡@¾ÐÁn,¤W¥«,¥ú¹q·~,5,1
3031 ¡@¨ÕÂE,¤W¥«,¥ú¹q·~,5,1
3038 ¡@¥þ¥x,¤W¥«,¥ú¹q·~,5,1
3049 ¡@©MøÊ,¤W¥«,¥ú¹q·~,5,1
3050 ¡@à±¼w,¤W¥«,¥ú¹q·~,5,1
3051 ¡@¤O¯S,¤W¥«,¥ú¹q·~,5,1
3059 ¡@µØ´¹¬ì,¤W¥«,¥ú¹q·~,5,1
3061 ¡@Àö¶ê,¤W¥«,¥ú¹q·~,5,1
3080 ¡@«Â¤O·ù,¤W¥«,¥ú¹q·~,5,1
3383 ¡@·s¥@¬ö,¤W¥«,¥ú¹q·~,5,1
3406 ¡@¥É´¹¥ú,¤W¥«,¥ú¹q·~,5,1
3481 ¡@¸s³Ð,¤W¥«,¥ú¹q·~,5,1
3504 ¡@´­©ú¥ú,¤W¥«,¥ú¹q·~,5,1
3514 ¡@¬R´¹,¤W¥«,¥ú¹q·~,5,1
3535 ¡@´¹±m¬ì,¤W¥«,¥ú¹q·~,5,1
3536 ¡@¸Û³Ð,¤W¥«,¥ú¹q·~,5,1
3557 ¡@¹Å«Â,¤W¥«,¥ú¹q·~,5,1
3561 ¡@ª@¶§¬ì,¤W¥«,¥ú¹q·~,5,1
3573 ¡@¿o¥x,¤W¥«,¥ú¹q·~,5,1
3576 ¡@·s¤é¥ú,¤W¥«,¥ú¹q·~,5,1
3593 ¡@¤O»Ê,¤W¥«,¥ú¹q·~,5,1
3622 ¡@¬vµØ,¤W¥«,¥ú¹q·~,5,1
5305 ¡@´°«n,¤W¥«,¥ú¹q·~,5,1
5484 ¡@¼z¤Í,¤W¥«,¥ú¹q·~,5,1
6116 ¡@±m´¹,¤W¥«,¥ú¹q·~,5,1
6120 ¡@»²²»,¤W¥«,¥ú¹q·~,5,1
6131 ¡@±y§J,¤W¥«,¥ú¹q·~,5,1
6164 ¡@µØ¿³,¤W¥«,¥ú¹q·~,5,1
6168 ¡@§»»ô,¤W¥«,¥ú¹q·~,5,1
6176 ¡@·ç»ö,¤W¥«,¥ú¹q·~,5,1
6209 ¡@¤µ°ê¥ú,¤W¥«,¥ú¹q·~,5,1
6225 ¡@¤ÑÃv,¤W¥«,¥ú¹q·~,5,1
6226 ¡@¥ú¹©,¤W¥«,¥ú¹q·~,5,1
6255 ¡@©`´¶,¤W¥«,¥ú¹q·~,5,1
6289 ¡@µØ¤W,¤W¥«,¥ú¹q·~,5,1
8072 ¡@°¥®õ,¤W¥«,¥ú¹q·~,5,1
8105 ¡@­â¥¨,¤W¥«,¥ú¹q·~,5,1
8163 ¡@¹F¤è,¤W¥«,¥ú¹q·~,5,1
2201 ¡@¸Î¶©,¤W¥«,¨T¨®¤u·~,6,1
2204 ¡@¤¤µØ,¤W¥«,¨T¨®¤u·~,6,1
2206 ¡@¤T¶§,¤W¥«,¨T¨®¤u·~,6,1
2207 ¡@©M®õ¨®,¤W¥«,¨T¨®¤u·~,6,1
2227 ¡@¸Î¤é¨®,¤W¥«,¨T¨®¤u·~,6,1
2062 ¡@¾ôÝÏ,¤W¥«,¨ä¥L,7,1
2514 ¡@Às¨¹,¤W¥«,¨ä¥L,7,1
2904 ¡@¶×¹´,¤W¥«,¨ä¥L,7,1
6184 ¡@¤jÂ×¹q,¤W¥«,¨ä¥L,7,1
8033 ¡@¹pªê,¤W¥«,¨ä¥L,7,1
9902 ¡@¥x¤õ,¤W¥«,¨ä¥L,7,1
9904 ¡@Ä_¦¨,¤W¥«,¨ä¥L,7,1
9905 ¡@¤jµØ,¤W¥«,¨ä¥L,7,1
9906 ¡@¿³¹F,¤W¥«,¨ä¥L,7,1
9907 ¡@²Î¤@¹ê,¤W¥«,¨ä¥L,7,1
9910 ¡@Â×®õ,¤W¥«,¨ä¥L,7,1
9911 ¡@Äåªá,¤W¥«,¨ä¥L,7,1
9914 ¡@¬ü§Q¹F,¤W¥«,¨ä¥L,7,1
9917 ¡@¤¤«O,¤W¥«,¨ä¥L,7,1
9919 ¡@±d¨º­»,¤W¥«,¨ä¥L,7,1
9921 ¡@¥¨¤j,¤W¥«,¨ä¥L,7,1
9922 ¡@Àu¬ü,¤W¥«,¨ä¥L,7,1
9924 ¡@ºÖ¿³,¤W¥«,¨ä¥L,7,1
9925 ¡@·s«O,¤W¥«,¨ä¥L,7,1
9927 ¡@®õ»Ê,¤W¥«,¨ä¥L,7,1
9928 ¡@¤¤µø,¤W¥«,¨ä¥L,7,1
9929 ¡@¬î«B,¤W¥«,¨ä¥L,7,1
9930 ¡@¤¤Áp¸ê,¤W¥«,¨ä¥L,7,1
9933 ¡@¤¤¹©,¤W¥«,¨ä¥L,7,1
9934 ¡@¦¨ÀM,¤W¥«,¨ä¥L,7,1
9935 ¡@¼yÂ×´I,¤W¥«,¨ä¥L,7,1
9938 ¡@¦Ê©M,¤W¥«,¨ä¥L,7,1
9939 ¡@§»¥þ,¤W¥«,¨ä¥L,7,1
9940 ¡@«H¸q,¤W¥«,¨ä¥L,7,1
9941 ¡@¸Î¿Ä,¤W¥«,¨ä¥L,7,1
9942 ¡@­Z¶¶,¤W¥«,¨ä¥L,7,1
9943 ¡@¦n¼Ö­},¤W¥«,¨ä¥L,7,1
9944 ¡@·sÄR,¤W¥«,¨ä¥L,7,1
9945 ¡@¼í®õ·s,¤W¥«,¨ä¥L,7,1
9955 ¡@¨ÎÀs,¤W¥«,¨ä¥L,7,1
2312 ¡@ª÷Ä_,¤W¥«,¨ä¥L¹q¤l·~,8,1
2317 ¡@ÂE®ü,¤W¥«,¨ä¥L¹q¤l·~,8,1
2350 ¡@Àô¹q,¤W¥«,¨ä¥L¹q¤l·~,8,1
2354 ¡@ÂE·Ç,¤W¥«,¨ä¥L¹q¤l·~,8,1
2360 ¡@­P­Z,¤W¥«,¨ä¥L¹q¤l·~,8,1
2371 ¡@¤j¦P,¤W¥«,¨ä¥L¹q¤l·~,8,1
2373 ¡@¾_¥¹¦æ,¤W¥«,¨ä¥L¹q¤l·~,8,1
2390 ¡@¤ª¨°,¤W¥«,¨ä¥L¹q¤l·~,8,1
2404 ¡@º~­ð,¤W¥«,¨ä¥L¹q¤l·~,8,1
2423 ¡@©T½n,¤W¥«,¨ä¥L¹q¤l·~,8,1
2433 ¡@¤¬²±¹q,¤W¥«,¨ä¥L¹q¤l·~,8,1
2461 ¡@¥ú¸s¹p,¤W¥«,¨ä¥L¹q¤l·~,8,1
2464 ¡@·ù¥ß,¤W¥«,¨ä¥L¹q¤l·~,8,1
2477 ¡@¬ü¶©¹q,¤W¥«,¨ä¥L¹q¤l·~,8,1
2482 ¡@³s¦t,¤W¥«,¨ä¥L¹q¤l·~,8,1
2488 ¡@º~¥­,¤W¥«,¨ä¥L¹q¤l·~,8,1
2495 ¡@´¶¦w,¤W¥«,¨ä¥L¹q¤l·~,8,1
2497 ¡@©É§Q¹q,¤W¥«,¨ä¥L¹q¤l·~,8,1
3018 ¡@¦P¶},¤W¥«,¨ä¥L¹q¤l·~,8,1
3030 ¡@¼w«ß,¤W¥«,¨ä¥L¹q¤l·~,8,1
3043 ¡@¬ì­·,¤W¥«,¨ä¥L¹q¤l·~,8,1
3052 ¡@Ê°¨å,¤W¥«,¨ä¥L¹q¤l·~,8,1
3305 ¡@ª@¶T,¤W¥«,¨ä¥L¹q¤l·~,8,1
3367 ¡@­^µØ¹F,¤W¥«,¨ä¥L¹q¤l·~,8,1
3450 ¡@Áp¶v,¤W¥«,¨ä¥L¹q¤l·~,8,1
3518 ¡@¬fÄË,¤W¥«,¨ä¥L¹q¤l·~,8,1
6139 ¡@¨Èµ¾,¤W¥«,¨ä¥L¹q¤l·~,8,1
6192 ¡@¥¨¸ô,¤W¥«,¨ä¥L¹q¤l·~,8,1
6196 ¡@¦|«Å,¤W¥«,¨ä¥L¹q¤l·~,8,1
6197 ¡@¨Î¥²µX,¤W¥«,¨ä¥L¹q¤l·~,8,1
6201 ¡@¨È¥°¹q,¤W¥«,¨ä¥L¹q¤l·~,8,1
6215 ¡@©MÝÏ,¤W¥«,¨ä¥L¹q¤l·~,8,1
8021 ¡@¦yÂI,¤W¥«,¨ä¥L¹q¤l·~,8,1
8201 ¡@µL¼Ä,¤W¥«,¨ä¥L¹q¤l·~,8,1
2616 ¡@¤s¶©,¤W¥«,ªo¹q¿U®ð·~,9,1
6505 ¡@¥x¶ì¤Æ,¤W¥«,ªo¹q¿U®ð·~,9,1
8926 ¡@¥x¨T¹q,¤W¥«,ªo¹q¿U®ð·~,9,1
9908 ¡@¤j¥x¥_,¤W¥«,ªo¹q¿U®ð·~,9,1
9918 ¡@ªY¤ÑµM,¤W¥«,ªo¹q¿U®ð·~,9,1
9926 ¡@·s®ü,¤W¥«,ªo¹q¿U®ð·~,9,1
9931 ¡@ªY°ª,¤W¥«,ªo¹q¿U®ð·~,9,1
9937 ¡@¥þ°ê,¤W¥«,ªo¹q¿U®ð·~,9,1
2801 ¡@¹ü»È,¤W¥«,ª÷¿Ä«OÀI,10,1
2809 ¡@¨Ê«°»È,¤W¥«,ª÷¿Ä«OÀI,10,1
2812 ¡@¥x¤¤»È,¤W¥«,ª÷¿Ä«OÀI,10,1
2816 ¡@©ô©ô«O,¤W¥«,ª÷¿Ä«OÀI,10,1
2820 ¡@µØ²¼,¤W¥«,ª÷¿Ä«OÀI,10,1
2823 ¡@¤¤¹Ø,¤W¥«,ª÷¿Ä«OÀI,10,1
2832 ¡@¥x²£,¤W¥«,ª÷¿Ä«OÀI,10,1
2833 ¡@¥x¹Ø«O,¤W¥«,ª÷¿Ä«OÀI,10,1
2834 ¡@»O¥ø»È,¤W¥«,ª÷¿Ä«OÀI,10,1
2836 ¡@°ª¶¯»È,¤W¥«,ª÷¿Ä«OÀI,10,1
2837 ¡@¸U®õ»È,¤W¥«,ª÷¿Ä«OÀI,10,1
2838 ¡@Áp¨¹»È,¤W¥«,ª÷¿Ä«OÀI,10,1
2845 ¡@»·ªF»È,¤W¥«,ª÷¿Ä«OÀI,10,1
2847 ¡@¤j²³»È,¤W¥«,ª÷¿Ä«OÀI,10,1
2849 ¡@¦w®õ»È,¤W¥«,ª÷¿Ä«OÀI,10,1
2850 ¡@·s²£,¤W¥«,ª÷¿Ä«OÀI,10,1
2851 ¡@¤¤¦A«O,¤W¥«,ª÷¿Ä«OÀI,10,1
2852 ¡@²Ä¤@«O,¤W¥«,ª÷¿Ä«OÀI,10,1
2854 ¡@Ä_¨ÓÃÒ,¤W¥«,ª÷¿Ä«OÀI,10,1
2855 ¡@²Î¤@ÃÒ,¤W¥«,ª÷¿Ä«OÀI,10,1
2856 ¡@¤¸´IÃÒ,¤W¥«,ª÷¿Ä«OÀI,10,1
2880 ¡@µØ«nª÷,¤W¥«,ª÷¿Ä«OÀI,10,1
2881 ¡@´I¨¹ª÷,¤W¥«,ª÷¿Ä«OÀI,10,1
2882 ¡@°ê®õª÷,¤W¥«,ª÷¿Ä«OÀI,10,1
2883 ¡@¶}µoª÷,¤W¥«,ª÷¿Ä«OÀI,10,1
2884 ¡@¥É¤sª÷,¤W¥«,ª÷¿Ä«OÀI,10,1
2885 ¡@¤¸¤jª÷,¤W¥«,ª÷¿Ä«OÀI,10,1
2886 ¡@¥üÂ×ª÷,¤W¥«,ª÷¿Ä«OÀI,10,1
2887 ¡@¥x·sª÷,¤W¥«,ª÷¿Ä«OÀI,10,1
2888 ¡@·s¥úª÷,¤W¥«,ª÷¿Ä«OÀI,10,1
2889 ¡@°ê²¼ª÷,¤W¥«,ª÷¿Ä«OÀI,10,1
2890 ¡@¥ÃÂ×ª÷,¤W¥«,ª÷¿Ä«OÀI,10,1
2891 ¡@¤¤«Hª÷,¤W¥«,ª÷¿Ä«OÀI,10,1
2892 ¡@²Ä¤@ª÷,¤W¥«,ª÷¿Ä«OÀI,10,1
5854 ¡@¦X®w,¤W¥«,ª÷¿Ä«OÀI,10,1
6005 ¡@¸s¯qÃÒ,¤W¥«,ª÷¿Ä«OÀI,10,1
6012 ¡@ª÷¹©ÃÒ,¤W¥«,ª÷¿Ä«OÀI,10,1
1436 ¡@ºÖ¯q,¤W¥«,«Ø§÷Àç³y,11,1
1442 ¡@¦W°a,¤W¥«,«Ø§÷Àç³y,11,1
1808 ¡@°ê»«¤j,¤W¥«,«Ø§÷Àç³y,11,1
2501 ¡@°ê«Ø,¤W¥«,«Ø§÷Àç³y,11,1
2504 ¡@°ê²£,¤W¥«,«Ø§÷Àç³y,11,1
2505 ¡@°ê´­,¤W¥«,«Ø§÷Àç³y,11,1
2506 ¡@¤Ó³],¤W¥«,«Ø§÷Àç³y,11,1
2509 ¡@¥þ©[¿³,¤W¥«,«Ø§÷Àç³y,11,1
2511 ¡@¤Ó¤l,¤W¥«,«Ø§÷Àç³y,11,1
2515 ¡@¤¤¤u,¤W¥«,«Ø§÷Àç³y,11,1
2516 ¡@·s«Ø,¤W¥«,«Ø§÷Àç³y,11,1
2520 ¡@«a¼w,¤W¥«,«Ø§÷Àç³y,11,1
2524 ¡@¨Ê«°,¤W¥«,«Ø§÷Àç³y,11,1
2526 ¡@¤j³°,¤W¥«,«Ø§÷Àç³y,11,1
2527 ¡@§»¿[,¤W¥«,«Ø§÷Àç³y,11,1
2528 ¡@¬Ó´¶,¤W¥«,«Ø§÷Àç³y,11,1
2530 ¡@µØ«Ø,¤W¥«,«Ø§÷Àç³y,11,1
2534 ¡@§»²±,¤W¥«,«Ø§÷Àç³y,11,1
2535 ¡@¹FªY¤u,¤W¥«,«Ø§÷Àç³y,11,1
2536 ¡@§»´¶,¤W¥«,«Ø§÷Àç³y,11,1
2537 ¡@Áp¤Wµo,¤W¥«,«Ø§÷Àç³y,11,1
2538 ¡@°ò®õ,¤W¥«,«Ø§÷Àç³y,11,1
2539 ¡@Äåªá«Ø,¤W¥«,«Ø§÷Àç³y,11,1
2540 ¡@ª÷©|©÷,¤W¥«,«Ø§÷Àç³y,11,1
2542 ¡@¿³´Iµo,¤W¥«,«Ø§÷Àç³y,11,1
2543 ¡@¬Ó©÷,¤W¥«,«Ø§÷Àç³y,11,1
2545 ¡@¬Óµ¾,¤W¥«,«Ø§÷Àç³y,11,1
2546 ¡@®Ú°ò,¤W¥«,«Ø§÷Àç³y,11,1
2547 ¡@¤é³Ó¥Í,¤W¥«,«Ø§÷Àç³y,11,1
2548 ¡@µØ©T,¤W¥«,«Ø§÷Àç³y,11,1
2841 ¡@¥x¶},¤W¥«,«Ø§÷Àç³y,11,1
5515 ¡@«Ø°ê,¤W¥«,«Ø§÷Àç³y,11,1
5522 ¡@»·¶¯,¤W¥«,«Ø§÷Àç³y,11,1
5525 ¡@¶¶¤Ñ,¤W¥«,«Ø§÷Àç³y,11,1
5531 ¡@¶mªL,¤W¥«,«Ø§÷Àç³y,11,1
5533 ¡@¬Ó¹©,¤W¥«,«Ø§÷Àç³y,11,1
5534 ¡@ªø­i,¤W¥«,«Ø§÷Àç³y,11,1
1802 ¡@¥x¬Á,¤W¥«,¬Á¼þ³³²¡,12,1
1805 ¡@³Í»E,¤W¥«,¬Á¼þ³³²¡,12,1
1806 ¡@«a­x,¤W¥«,¬Á¼þ³³²¡,12,1
1809 ¡@¤¤¹V,¤W¥«,¬Á¼þ³³²¡,12,1
1810 ¡@©M¦¨,¤W¥«,¬Á¼þ³³²¡,12,1
1201 ¡@¨ý¥þ,¤W¥«,­¹«~¤u·~,13,1
1203 ¡@¨ý¤ý,¤W¥«,­¹«~¤u·~,13,1
1210 ¡@¤j¦¨,¤W¥«,­¹«~¤u·~,13,1
1213 ¡@¤j¶¼,¤W¥«,­¹«~¤u·~,13,1
1215 ¡@¤R¸Á,¤W¥«,­¹«~¤u·~,13,1
1216 ¡@²Î¤@,¤W¥«,­¹«~¤u·~,13,1
1217 ¡@·R¤§¨ý,¤W¥«,­¹«~¤u·~,13,1
1218 ¡@®õ¤s,¤W¥«,­¹«~¤u·~,13,1
1219 ¡@ºÖ¹Ø,¤W¥«,­¹«~¤u·~,13,1
1220 ¡@¥xºa,¤W¥«,­¹«~¤u·~,13,1
1225 ¡@ºÖÀ·ªo,¤W¥«,­¹«~¤u·~,13,1
1227 ¡@¨Î®æ,¤W¥«,­¹«~¤u·~,13,1
1229 ¡@ÁpµØ,¤W¥«,­¹«~¤u·~,13,1
1231 ¡@ÁpµØ­¹,¤W¥«,­¹«~¤u·~,13,1
1232 ¡@¤j²Î¯q,¤W¥«,­¹«~¤u·~,13,1
1233 ¡@¤Ñ¤¯,¤W¥«,­¹«~¤u·~,13,1
1234 ¡@¶ÂªQ,¤W¥«,­¹«~¤u·~,13,1
1235 ¡@¿³®õ,¤W¥«,­¹«~¤u·~,13,1
1236 ¡@§»¨È,¤W¥«,­¹«~¤u·~,13,1
1702 ¡@«n¹´,¤W¥«,­¹«~¤u·~,13,1
1402 ¡@»·¯¼,¤W¥«,¯¼Â´ÅÖºû,14,1
1409 ¡@·sÅÖ,¤W¥«,¯¼Â´ÅÖºû,14,1
1410 ¡@«n¬V,¤W¥«,¯¼Â´ÅÖºû,14,1
1413 ¡@§»¬w,¤W¥«,¯¼Â´ÅÖºû,14,1
1414 ¡@ªF©M,¤W¥«,¯¼Â´ÅÖºû,14,1
1416 ¡@¼sÂ×,¤W¥«,¯¼Â´ÅÖºû,14,1
1417 ¡@¹Å¸Î,¤W¥«,¯¼Â´ÅÖºû,14,1
1418 ¡@ªFµØ,¤W¥«,¯¼Â´ÅÖºû,14,1
1419 ¡@·s¯¼,¤W¥«,¯¼Â´ÅÖºû,14,1
1423 ¡@§QµØ,¤W¥«,¯¼Â´ÅÖºû,14,1
1432 ¡@¤j¾|»Õ,¤W¥«,¯¼Â´ÅÖºû,14,1
1434 ¡@ºÖÀ·,¤W¥«,¯¼Â´ÅÖºû,14,1
1438 ¡@¸ÎÂ×,¤W¥«,¯¼Â´ÅÖºû,14,1
1439 ¡@¤¤©M,¤W¥«,¯¼Â´ÅÖºû,14,1
1440 ¡@«n¯¼,¤W¥«,¯¼Â´ÅÖºû,14,1
1441 ¡@¤jªF,¤W¥«,¯¼Â´ÅÖºû,14,1
1443 ¡@¥ß¯q,¤W¥«,¯¼Â´ÅÖºû,14,1
1444 ¡@¤OÄR,¤W¥«,¯¼Â´ÅÖºû,14,1
1445 ¡@¤j¦t,¤W¥«,¯¼Â´ÅÖºû,14,1
1446 ¡@§»©M,¤W¥«,¯¼Â´ÅÖºû,14,1
1447 ¡@¤OÄP,¤W¥«,¯¼Â´ÅÖºû,14,1
1449 ¡@¨Î©M,¤W¥«,¯¼Â´ÅÖºû,14,1
1451 ¡@¦~¿³,¤W¥«,¯¼Â´ÅÖºû,14,1
1452 ¡@§»¯q,¤W¥«,¯¼Â´ÅÖºû,14,1
1453 ¡@¤j±N,¤W¥«,¯¼Â´ÅÖºû,14,1
1454 ¡@¥x´I,¤W¥«,¯¼Â´ÅÖºû,14,1
1455 ¡@¶°²±,¤W¥«,¯¼Â´ÅÖºû,14,1
1456 ¡@©ÉµØ,¤W¥«,¯¼Â´ÅÖºû,14,1
1457 ¡@©y¶i,¤W¥«,¯¼Â´ÅÖºû,14,1
1459 ¡@Ápµo,¤W¥«,¯¼Â´ÅÖºû,14,1
1460 ¡@§»»·,¤W¥«,¯¼Â´ÅÖºû,14,1
1463 ¡@±j²±,¤W¥«,¯¼Â´ÅÖºû,14,1
1464 ¡@±o¤O,¤W¥«,¯¼Â´ÅÖºû,14,1
1465 ¡@°¶¥þ,¤W¥«,¯¼Â´ÅÖºû,14,1
1466 ¡@»E¶©,¤W¥«,¯¼Â´ÅÖºû,14,1
1467 ¡@«n½n,¤W¥«,¯¼Â´ÅÖºû,14,1
1468 ¡@Îë©M,¤W¥«,¯¼Â´ÅÖºû,14,1
1469 ¡@²z¶©,¤W¥«,¯¼Â´ÅÖºû,14,1
1470 ¡@¤j²Î¬V,¤W¥«,¯¼Â´ÅÖºû,14,1
1472 ¡@¤T¬vÅÖ,¤W¥«,¯¼Â´ÅÖºû,14,1
1473 ¡@¥x«n,¤W¥«,¯¼Â´ÅÖºû,14,1
1474 ¡@¥°¸Î,¤W¥«,¯¼Â´ÅÖºû,14,1
1475 ¡@¥»·ù,¤W¥«,¯¼Â´ÅÖºû,14,1
1476 ¡@¾§ÂE,¤W¥«,¯¼Â´ÅÖºû,14,1
1477 ¡@»E¶§,¤W¥«,¯¼Â´ÅÖºû,14,1
4414 ¡@¦p¿³,¤W¥«,¯¼Â´ÅÖºû,14,1
2208 ¡@¥x²î,¤W¥«,¯è¹B·~,15,1
2601 ¡@¯q¯è,¤W¥«,¯è¹B·~,15,1
2603 ¡@ªøºa,¤W¥«,¯è¹B·~,15,1
2605 ¡@·s¿³,¤W¥«,¯è¹B·~,15,1
2606 ¡@¸Î¥Á,¤W¥«,¯è¹B·~,15,1
2607 ¡@ºa¹B,¤W¥«,¯è¹B·~,15,1
2608 ¡@¤jºa,¤W¥«,¯è¹B·~,15,1
2609 ¡@¶§©ú,¤W¥«,¯è¹B·~,15,1
2610 ¡@µØ¯è,¤W¥«,¯è¹B·~,15,1
2611 ¡@§Ó«H,¤W¥«,¯è¹B·~,15,1
2612 ¡@¤¤¯è,¤W¥«,¯è¹B·~,15,1
2613 ¡@¤¤Âd,¤W¥«,¯è¹B·~,15,1
2614 ¡@ªF´Ë,¤W¥«,¯è¹B·~,15,1
2615 ¡@¸U®ü,¤W¥«,¯è¹B·~,15,1
2617 ¡@¥x¯è,¤W¥«,¯è¹B·~,15,1
2618 ¡@ªøºa¯è,¤W¥«,¯è¹B·~,15,1
5607 ¡@»·¶¯´ä,¤W¥«,¯è¹B·~,15,1
5608 ¡@¥|ºû¯è,¤W¥«,¯è¹B·~,15,1
2314 ¡@¥x´­,¤W¥«,³q«Hºô¸ô·~,16,1
2321 ¡@ªF°T,¤W¥«,³q«Hºô¸ô·~,16,1
2332 ¡@¤Í°T,¤W¥«,³q«Hºô¸ô·~,16,1
2345 ¡@´¼¨¹,¤W¥«,³q«Hºô¸ô·~,16,1
2391 ¡@¦X¶Ô,¤W¥«,³q«Hºô¸ô·~,16,1
2402 ¡@¼Ý¹Å,¤W¥«,³q«Hºô¸ô·~,16,1
2412 ¡@¤¤µØ¹q,¤W¥«,³q«Hºô¸ô·~,16,1
2419 ¡@¥òµa,¤W¥«,³q«Hºô¸ô·~,16,1
2439 ¡@¬ü«ß,¤W¥«,³q«Hºô¸ô·~,16,1
2444 ¡@¤Í©ô,¤W¥«,³q«Hºô¸ô·~,16,1
2450 ¡@¯«¸£,¤W¥«,³q«Hºô¸ô·~,16,1
2455 ¡@¥þ·s,¤W¥«,³q«Hºô¸ô·~,16,1
2485 ¡@¥ü»®,¤W¥«,³q«Hºô¸ô·~,16,1
2496 ¡@¨ô¶V,¤W¥«,³q«Hºô¸ô·~,16,1
2498 ¡@§»¹F¹q,¤W¥«,³q«Hºô¸ô·~,16,1
3025 ¡@¬P³q,¤W¥«,³q«Hºô¸ô·~,16,1
3027 ¡@²±¹F,¤W¥«,³q«Hºô¸ô·~,16,1
3045 ¡@¥xÆW¤j,¤W¥«,³q«Hºô¸ô·~,16,1
3047 ¡@°T¦à,¤W¥«,³q«Hºô¸ô·~,16,1
3062 ¡@«Øº~,¤W¥«,³q«Hºô¸ô·~,16,1
3311 ¡@¶£·u,¤W¥«,³q«Hºô¸ô·~,16,1
3380 ¡@©ú®õ,¤W¥«,³q«Hºô¸ô·~,16,1
3419 ¡@ÃÏ¸Î,¤W¥«,³q«Hºô¸ô·~,16,1
3596 ¡@´¼©ö,¤W¥«,³q«Hºô¸ô·~,16,1
4904 ¡@»·¶Ç,¤W¥«,³q«Hºô¸ô·~,16,1
4906 ¡@¥¿¤å,¤W¥«,³q«Hºô¸ô·~,16,1
5388 ¡@¤¤½U,¤W¥«,³q«Hºô¸ô·~,16,1
6136 ¡@´Iº¸¯S,¤W¥«,³q«Hºô¸ô·~,16,1
6142 ¡@¤Í«l,¤W¥«,³q«Hºô¸ô·~,16,1
6216 ¡@©~©ö,¤W¥«,³q«Hºô¸ô·~,16,1
6283 ¡@²E¦w,¤W¥«,³q«Hºô¸ô·~,16,1
6285 ¡@±ÒùÖ,¤W¥«,³q«Hºô¸ô·~,16,1
8078 ¡@µØÄ_,¤W¥«,³q«Hºô¸ô·~,16,1
8101 ¡@µØ«a,¤W¥«,³q«Hºô¸ô·~,16,1
1902 ¡@¥x¯È,¤W¥«,³y¯È¤u·~,17,1
1903 ¡@¤h¯È,¤W¥«,³y¯È¤u·~,17,1
1904 ¡@¥¿¶©,¤W¥«,³y¯È¤u·~,17,1
1905 ¡@µØ¯È,¤W¥«,³y¯È¤u·~,17,1
1906 ¡@Ä_¶©,¤W¥«,³y¯È¤u·~,17,1
1907 ¡@¥ÃÂ×¾l,¤W¥«,³y¯È¤u·~,17,1
1909 ¡@ºa¦¨,¤W¥«,³y¯È¤u·~,17,1
2901 ¡@ªYªY,¤W¥«,¶T©ö¦Ê³f,18,1
2903 ¡@»·¦Ê,¤W¥«,¶T©ö¦Ê³f,18,1
2905 ¡@¤T°Ó¦æ,¤W¥«,¶T©ö¦Ê³f,18,1
2906 ¡@°ªªL,¤W¥«,¶T©ö¦Ê³f,18,1
2908 ¡@¯S¤O,¤W¥«,¶T©ö¦Ê³f,18,1
2910 ¡@²Î»â,¤W¥«,¶T©ö¦Ê³f,18,1
2911 ¡@ÄRÀ¦©Ð,¤W¥«,¶T©ö¦Ê³f,18,1
2912 ¡@²Î¤@¶W,¤W¥«,¶T©ö¦Ê³f,18,1
2913 ¡@¹AªL,¤W¥«,¶T©ö¦Ê³f,18,1
2915 ¡@¼í®õ¥þ,¤W¥«,¶T©ö¦Ê³f,18,1
1301 ¡@¥x¶ì,¤W¥«,¶ì½¦¤u·~,19,1
1303 ¡@«n¨È,¤W¥«,¶ì½¦¤u·~,19,1
1304 ¡@¥x»E,¤W¥«,¶ì½¦¤u·~,19,1
1305 ¡@µØ®L,¤W¥«,¶ì½¦¤u·~,19,1
1307 ¡@¤TªÚ,¤W¥«,¶ì½¦¤u·~,19,1
1308 ¡@¨È»E,¤W¥«,¶ì½¦¤u·~,19,1
1309 ¡@¥x¹F¤Æ,¤W¥«,¶ì½¦¤u·~,19,1
1310 ¡@¥x­f,¤W¥«,¶ì½¦¤u·~,19,1
1312 ¡@°ê³ì,¤W¥«,¶ì½¦¤u·~,19,1
1313 ¡@Áp¦¨,¤W¥«,¶ì½¦¤u·~,19,1
1314 ¡@¤¤¥Û¤Æ,¤W¥«,¶ì½¦¤u·~,19,1
1315 ¡@¹F·s,¤W¥«,¶ì½¦¤u·~,19,1
1316 ¡@¤WÂ`,¤W¥«,¶ì½¦¤u·~,19,1
1319 ¡@ªF¶§,¤W¥«,¶ì½¦¤u·~,19,1
1321 ¡@¤j¬v,¤W¥«,¶ì½¦¤u·~,19,1
1323 ¡@¥Ã¸Î,¤W¥«,¶ì½¦¤u·~,19,1
1324 ¡@¦a²y,¤W¥«,¶ì½¦¤u·~,19,1
1325 ¡@«í¤j,¤W¥«,¶ì½¦¤u·~,19,1
1326 ¡@¥x¤Æ,¤W¥«,¶ì½¦¤u·~,19,1
1715 ¡@¨È¤Æ,¤W¥«,¶ì½¦¤u·~,19,1
4306 ¡@ª¢¬w,¤W¥«,¶ì½¦¤u·~,19,1
2427 ¡@¤T°Ó¹q,¤W¥«,¸ê°TªA°È·~,20,1
2453 ¡@­â¸s,¤W¥«,¸ê°TªA°È·~,20,1
2468 ¡@µØ¸g,¤W¥«,¸ê°TªA°È·~,20,1
2471 ¡@¸ê³q,¤W¥«,¸ê°TªA°È·~,20,1
2480 ¡@´°¶§¬ì,¤W¥«,¸ê°TªA°È·~,20,1
3021 ¡@½Ã®i,¤W¥«,¸ê°TªA°È·~,20,1
3029 ¡@¹s³ü,¤W¥«,¸ê°TªA°È·~,20,1
3130 ¡@¤@¹s¥|,¤W¥«,¸ê°TªA°È·~,20,1
3356 ¡@©_°¸,¤W¥«,¸ê°TªA°È·~,20,1
5203 ¡@°T³s,¤W¥«,¸ê°TªA°È·~,20,1
6112 ¡@»EºÓ,¤W¥«,¸ê°TªA°È·~,20,1
1435 ¡@¤¤ºÖ,¤W¥«,¹q¤l³q¸ô·~,21,1
2347 ¡@Áp±j,¤W¥«,¹q¤l³q¸ô·~,21,1
2348 ¡@¤O¼s,¤W¥«,¹q¤l³q¸ô·~,21,1
2359 ¡@©ÒÃ¹ªù,¤W¥«,¹q¤l³q¸ô·~,21,1
2403 ¡@¤Í©|,¤W¥«,¹q¤l³q¸ô·~,21,1
2414 ¡@ºë§Þ,¤W¥«,¹q¤l³q¸ô·~,21,1
2430 ¡@Àé©[,¤W¥«,¹q¤l³q¸ô·~,21,1
2459 ¡@´°¦N,¤W¥«,¹q¤l³q¸ô·~,21,1
3010 ¡@µØ¥ß,¤W¥«,¹q¤l³q¸ô·~,21,1
3028 ¡@¼W§A±j,¤W¥«,¹q¤l³q¸ô·~,21,1
3033 ¡@«Â°·,¤W¥«,¹q¤l³q¸ô·~,21,1
3036 ¡@¤å¾ç,¤W¥«,¹q¤l³q¸ô·~,21,1
3040 ¡@»·¨£,¤W¥«,¹q¤l³q¸ô·~,21,1
3048 ¡@¯qµn,¤W¥«,¹q¤l³q¸ô·~,21,1
3055 ¡@½«µØ¬ì,¤W¥«,¹q¤l³q¸ô·~,21,1
3209 ¡@¥þ¬ì,¤W¥«,¹q¤l³q¸ô·~,21,1
3315 ¡@«ÅÎë,¤W¥«,¹q¤l³q¸ô·~,21,1
3702 ¡@¤jÁp¤j,¤W¥«,¹q¤l³q¸ô·~,21,1
5434 ¡@±R¶V,¤W¥«,¹q¤l³q¸ô·~,21,1
6119 ¡@¤j¶Ç,¤W¥«,¹q¤l³q¸ô·~,21,1
6189 ¡@Â×ÃÀ,¤W¥«,¹q¤l³q¸ô·~,21,1
6281 ¡@¥þ°ê¹q,¤W¥«,¹q¤l³q¸ô·~,21,1
8070 ¡@ªøµØ,¤W¥«,¹q¤l³q¸ô·~,21,1
8112 ¡@¦Ü¤W,¤W¥«,¹q¤l³q¸ô·~,21,1
1471 ¡@­º§Q,¤W¥«,¹q¤l¹s²Õ¥ó·~,22,1
2059 ¡@¤t´ò,¤W¥«,¹q¤l¹s²Õ¥ó·~,22,1
2308 ¡@¥x¹F¹q,¤W¥«,¹q¤l¹s²Õ¥ó·~,22,1
2313 ¡@µØ³q,¤W¥«,¹q¤l¹s²Õ¥ó·~,22,1
2316 ¡@·£±ê¹q,¤W¥«,¹q¤l¹s²Õ¥ó·~,22,1
2327 ¡@°ê¥¨,¤W¥«,¹q¤l¹s²Õ¥ó·~,22,1
2328 ¡@¼s¦t,¤W¥«,¹q¤l¹s²Õ¥ó·~,22,1
2355 ¡@·qÄP,¤W¥«,¹q¤l¹s²Õ¥ó·~,22,1
2367 ¡@ïúµØ,¤W¥«,¹q¤l¹s²Õ¥ó·~,22,1
2368 ¡@ª÷¹³¹q,¤W¥«,¹q¤l¹s²Õ¥ó·~,22,1
2375 ¡@´¼Ä_,¤W¥«,¹q¤l¹s²Õ¥ó·~,22,1
2383 ¡@¥x¥ú¹q,¤W¥«,¹q¤l¹s²Õ¥ó·~,22,1
2392 ¡@¥¿´Q,¤W¥«,¹q¤l¹s²Õ¥ó·~,22,1
2413 ¡@Àô¬ì,¤W¥«,¹q¤l¹s²Õ¥ó·~,22,1
2415 ¡@ëù·s,¤W¥«,¹q¤l¹s²Õ¥ó·~,22,1
2420 ¡@·s¥¨,¤W¥«,¹q¤l¹s²Õ¥ó·~,22,1
2421 ¡@«Ø·Ç,¤W¥«,¹q¤l¹s²Õ¥ó·~,22,1
2428 ¡@¿³¶Ô,¤W¥«,¹q¤l¹s²Õ¥ó·~,22,1
2429 ¡@¥Ã¥ü,¤W¥«,¹q¤l¹s²Õ¥ó·~,22,1
2431 ¡@Áp©÷,¤W¥«,¹q¤l¹s²Õ¥ó·~,22,1
2437 ¡@©ô¸à,¤W¥«,¹q¤l¹s²Õ¥ó·~,22,1
2440 ¡@¤ÓªÅ±ô,¤W¥«,¹q¤l¹s²Õ¥ó·~,22,1
2452 ¡@°®©[,¤W¥«,¹q¤l¹s²Õ¥ó·~,22,1
2456 ¡@©_¤O·s,¤W¥«,¹q¤l¹s²Õ¥ó·~,22,1
2457 ¡@­¸§»,¤W¥«,¹q¤l¹s²Õ¥ó·~,22,1
2460 ¡@«Ø³q,¤W¥«,¹q¤l¹s²Õ¥ó·~,22,1
2462 ¡@¨}±o¹q,¤W¥«,¹q¤l¹s²Õ¥ó·~,22,1
2467 ¡@§Ó¸t,¤W¥«,¹q¤l¹s²Õ¥ó·~,22,1
2472 ¡@¥ß¶©¹q,¤W¥«,¹q¤l¹s²Õ¥ó·~,22,1
2476 ¡@¹d²»,¤W¥«,¹q¤l¹s²Õ¥ó·~,22,1
2478 ¡@¤j¼Ý,¤W¥«,¹q¤l¹s²Õ¥ó·~,22,1
2483 ¡@¦Ê®e,¤W¥«,¹q¤l¹s²Õ¥ó·~,22,1
2484 ¡@§ÆµØ,¤W¥«,¹q¤l¹s²Õ¥ó·~,22,1
2492 ¡@µØ·s¬ì,¤W¥«,¹q¤l¹s²Õ¥ó·~,22,1
2493 ¡@´­³Õ,¤W¥«,¹q¤l¹s²Õ¥ó·~,22,1
3003 ¡@°·©M¿³,¤W¥«,¹q¤l¹s²Õ¥ó·~,22,1
3011 ¡@¤µµq,¤W¥«,¹q¤l¹s²Õ¥ó·~,22,1
3015 ¡@¥þº~,¤W¥«,¹q¤l¹s²Õ¥ó·~,22,1
3023 ¡@«H¨¹,¤W¥«,¹q¤l¹s²Õ¥ó·~,22,1
3026 ¡@¥Ý¦ù°ó,¤W¥«,¹q¤l¹s²Õ¥ó·~,22,1
3032 ¡@°¶°V,¤W¥«,¹q¤l¹s²Õ¥ó·~,22,1
3037 ¡@ªY¿³,¤W¥«,¹q¤l¹s²Õ¥ó·~,22,1
3042 ¡@´¹§Þ,¤W¥«,¹q¤l¹s²Õ¥ó·~,22,1
3044 ¡@°·¹©,¤W¥«,¹q¤l¹s²Õ¥ó·~,22,1
3058 ¡@¥ß¼w,¤W¥«,¹q¤l¹s²Õ¥ó·~,22,1
3090 ¡@¤é¹q¶T,¤W¥«,¹q¤l¹s²Õ¥ó·~,22,1
3296 ¡@³Ó¼w,¤W¥«,¹q¤l¹s²Õ¥ó·~,22,1
3308 ¡@Áp¼w,¤W¥«,¹q¤l¹s²Õ¥ó·~,22,1
3376 ¡@·s¤é¿³,¤W¥«,¹q¤l¹s²Õ¥ó·~,22,1
3501 ¡@ºû¿Q,¤W¥«,¹q¤l¹s²Õ¥ó·~,22,1
3533 ¡@¹Å¿A,¤W¥«,¹q¤l¹s²Õ¥ó·~,22,1
3605 ¡@§»­P,¤W¥«,¹q¤l¹s²Õ¥ó·~,22,1
5469 ¡@Ãv¦t³Õ,¤W¥«,¹q¤l¹s²Õ¥ó·~,22,1
6108 ¡@Äv°ê,¤W¥«,¹q¤l¹s²Õ¥ó·~,22,1
6115 ¡@Âï³Ó,¤W¥«,¹q¤l¹s²Õ¥ó·~,22,1
6133 ¡@ª÷¾ô,¤W¥«,¹q¤l¹s²Õ¥ó·~,22,1
6141 ¡@¬f©Ó,¤W¥«,¹q¤l¹s²Õ¥ó·~,22,1
6153 ¡@¹ÅÁp¯q,¤W¥«,¹q¤l¹s²Õ¥ó·~,22,1
6155 ¡@¶vÄ_,¤W¥«,¹q¤l¹s²Õ¥ó·~,22,1
6165 ¡@±¶®õ,¤W¥«,¹q¤l¹s²Õ¥ó·~,22,1
6191 ¡@ºë¦¨¬ì,¤W¥«,¹q¤l¹s²Õ¥ó·~,22,1
6205 ¡@¸àªY,¤W¥«,¹q¤l¹s²Õ¥ó·~,22,1
6213 ¡@Áp­Z,¤W¥«,¹q¤l¹s²Õ¥ó·~,22,1
6251 ¡@©w¿o,¤W¥«,¹q¤l¹s²Õ¥ó·~,22,1
6269 ¡@¥x°p,¤W¥«,¹q¤l¹s²Õ¥ó·~,22,1
6282 ¡@±dµÎ,¤W¥«,¹q¤l¹s²Õ¥ó·~,22,1
8046 ¡@«n¹q,¤W¥«,¹q¤l¹s²Õ¥ó·~,22,1
8249 ¡@µÙ¥ú,¤W¥«,¹q¤l¹s²Õ¥ó·~,22,1
1604 ¡@ÁnÄ_,¤W¥«,¹q¸£¤Î¶gÃä³]³Æ·~,23,1
2301 ¡@¥úÄ_¬ì,¤W¥«,¹q¸£¤Î¶gÃä³]³Æ·~,23,1
2305 ¡@¥þ¤Í,¤W¥«,¹q¸£¤Î¶gÃä³]³Æ·~,23,1
2315 ¡@¯«¹F,¤W¥«,¹q¸£¤Î¶gÃä³]³Æ·~,23,1
2324 ¡@¤¯Ä_,¤W¥«,¹q¸£¤Î¶gÃä³]³Æ·~,23,1
2331 ¡@ºë­^,¤W¥«,¹q¸£¤Î¶gÃä³]³Æ·~,23,1
2341 ¡@­^¸s,¤W¥«,¹q¸£¤Î¶gÃä³]³Æ·~,23,1
2352 ¡@¨Î¥@¹F,¤W¥«,¹q¸£¤Î¶gÃä³]³Æ·~,23,1
2353 ¡@§»ùÖ,¤W¥«,¹q¸£¤Î¶gÃä³]³Æ·~,23,1
2356 ¡@­^·~¹F,¤W¥«,¹q¸£¤Î¶gÃä³]³Æ·~,23,1
2357 ¡@µØºÓ,¤W¥«,¹q¸£¤Î¶gÃä³]³Æ·~,23,1
2358 ¡@¬ü®æ,¤W¥«,¹q¸£¤Î¶gÃä³]³Æ·~,23,1
2361 ¡@ÂE¤Í,¤W¥«,¹q¸£¤Î¶gÃä³]³Æ·~,23,1
2362 ¡@ÂÅ¤Ñ,¤W¥«,¹q¸£¤Î¶gÃä³]³Æ·~,23,1
2364 ¡@­Û­¸,¤W¥«,¹q¸£¤Î¶gÃä³]³Æ·~,23,1
2365 ¡@©ø¬Õ,¤W¥«,¹q¸£¤Î¶gÃä³]³Æ·~,23,1
2376 ¡@§Þ¹Å,¤W¥«,¹q¸£¤Î¶gÃä³]³Æ·~,23,1
2377 ¡@·L¬P,¤W¥«,¹q¸£¤Î¶gÃä³]³Æ·~,23,1
2380 ¡@­i¥ú,¤W¥«,¹q¸£¤Î¶gÃä³]³Æ·~,23,1
2382 ¡@¼s¹F,¤W¥«,¹q¸£¤Î¶gÃä³]³Æ·~,23,1
2385 ¡@¸s¥ú,¤W¥«,¹q¸£¤Î¶gÃä³]³Æ·~,23,1
2387 ¡@ºë¤¸,¤W¥«,¹q¸£¤Î¶gÃä³]³Æ·~,23,1
2395 ¡@¬ãµØ,¤W¥«,¹q¸£¤Î¶gÃä³]³Æ·~,23,1
2397 ¡@¤Í³q,¤W¥«,¹q¸£¤Î¶gÃä³]³Æ·~,23,1
2399 ¡@¬M®õ,¤W¥«,¹q¸£¤Î¶gÃä³]³Æ·~,23,1
2405 ¡@¯EøÊ,¤W¥«,¹q¸£¤Î¶gÃä³]³Æ·~,23,1
2417 ¡@¶ê­è,¤W¥«,¹q¸£¤Î¶gÃä³]³Æ·~,23,1
2424 ¡@Ã÷µØ,¤W¥«,¹q¸£¤Î¶gÃä³]³Æ·~,23,1
2438 ¡@­^»x,¤W¥«,¹q¸£¤Î¶gÃä³]³Æ·~,23,1
2442 ¡@¬ü»ô,¤W¥«,¹q¸£¤Î¶gÃä³]³Æ·~,23,1
2463 ¡@¬ã´­,¤W¥«,¹q¸£¤Î¶gÃä³]³Æ·~,23,1
2465 ¡@ÄR»O,¤W¥«,¹q¸£¤Î¶gÃä³]³Æ·~,23,1
2474 ¡@¥i¦¨,¤W¥«,¹q¸£¤Î¶gÃä³]³Æ·~,23,1
3002 ¡@¼Ú®æ,¤W¥«,¹q¸£¤Î¶gÃä³]³Æ·~,23,1
3005 ¡@¯«°ò,¤W¥«,¹q¸£¤Î¶gÃä³]³Æ·~,23,1
3013 ¡@ÑÔ»Ê¹q,¤W¥«,¹q¸£¤Î¶gÃä³]³Æ·~,23,1
3017 ¡@©_èb,¤W¥«,¹q¸£¤Î¶gÃä³]³Æ·~,23,1
3022 ¡@«Â¹F¹q,¤W¥«,¹q¸£¤Î¶gÃä³]³Æ·~,23,1
3046 ¡@«ØùÖ,¤W¥«,¹q¸£¤Î¶gÃä³]³Æ·~,23,1
3054 ¡@¸U°ê,¤W¥«,¹q¸£¤Î¶gÃä³]³Æ·~,23,1
3057 ¡@³ì¹©,¤W¥«,¹q¸£¤Î¶gÃä³]³Æ·~,23,1
3060 ¡@»Ê²§,¤W¥«,¹q¸£¤Î¶gÃä³]³Æ·~,23,1
3231 ¡@½n³Ð,¤W¥«,¹q¸£¤Î¶gÃä³]³Æ·~,23,1
3494 ¡@¸Û¬ã,¤W¥«,¹q¸£¤Î¶gÃä³]³Æ·~,23,1
3515 ¡@µØÀº,¤W¥«,¹q¸£¤Î¶gÃä³]³Æ·~,23,1
3701 ¡@¤j²³±±,¤W¥«,¹q¸£¤Î¶gÃä³]³Æ·~,23,1
6117 ¡@ªï¼s,¤W¥«,¹q¸£¤Î¶gÃä³]³Æ·~,23,1
6128 ¡@¤WºÖ,¤W¥«,¹q¸£¤Î¶gÃä³]³Æ·~,23,1
6166 ¡@­âµØ,¤W¥«,¹q¸£¤Î¶gÃä³]³Æ·~,23,1
6172 ¡@¤¬»õ,¤W¥«,¹q¸£¤Î¶gÃä³]³Æ·~,23,1
6206 ¡@­¸±¶,¤W¥«,¹q¸£¤Î¶gÃä³]³Æ·~,23,1
6235 ¡@µØ§·,¤W¥«,¹q¸£¤Î¶gÃä³]³Æ·~,23,1
6277 ¡@§»¥¿,¤W¥«,¹q¸£¤Î¶gÃä³]³Æ·~,23,1
8008 ¡@«Ø¿³¹q,¤W¥«,¹q¸£¤Î¶gÃä³]³Æ·~,23,1
9912 ¡@°¶Áp,¤W¥«,¹q¸£¤Î¶gÃä³]³Æ·~,23,1
1603 ¡@µØ¹q,¤W¥«,¹q¾¹¹qÆl,24,1
1605 ¡@µØ·s,¤W¥«,¹q¾¹¹qÆl,24,1
1608 ¡@µØºa,¤W¥«,¹q¾¹¹qÆl,24,1
1609 ¡@¤j¨È,¤W¥«,¹q¾¹¹qÆl,24,1
1611 ¡@¤¤¹q,¤W¥«,¹q¾¹¹qÆl,24,1
1612 ¡@§»®õ,¤W¥«,¹q¾¹¹qÆl,24,1
1613 ¡@¥x¤@,¤W¥«,¹q¾¹¹qÆl,24,1
1614 ¡@¤T¬v¹q,¤W¥«,¹q¾¹¹qÆl,24,1
1615 ¡@¤j¤s,¤W¥«,¹q¾¹¹qÆl,24,1
1616 ¡@»õ®õ,¤W¥«,¹q¾¹¹qÆl,24,1
1617 ¡@ºa¬P,¤W¥«,¹q¾¹¹qÆl,24,1
1618 ¡@¦X¾÷,¤W¥«,¹q¾¹¹qÆl,24,1
1503 ¡@¤h¹q,¤W¥«,¹q¾÷¾÷±ñ,25,1
1504 ¡@ªF¤¸,¤W¥«,¹q¾÷¾÷±ñ,25,1
1506 ¡@¥¿¹D,¤W¥«,¹q¾÷¾÷±ñ,25,1
1507 ¡@¥Ã¤j,¤W¥«,¹q¾÷¾÷±ñ,25,1
1512 ¡@·ç§Q,¤W¥«,¹q¾÷¾÷±ñ,25,1
1513 ¡@¤¤¿³¹q,¤W¥«,¹q¾÷¾÷±ñ,25,1
1514 ¡@¨È¤O,¤W¥«,¹q¾÷¾÷±ñ,25,1
1515 ¡@¤O¤s,¤W¥«,¹q¾÷¾÷±ñ,25,1
1516 ¡@¤t­¸,¤W¥«,¹q¾÷¾÷±ñ,25,1
1517 ¡@§Q©_,¤W¥«,¹q¾÷¾÷±ñ,25,1
1519 ¡@µØ«°,¤W¥«,¹q¾÷¾÷±ñ,25,1
1521 ¡@¤j»õ,¤W¥«,¹q¾÷¾÷±ñ,25,1
1522 ¡@³öºû¦è,¤W¥«,¹q¾÷¾÷±ñ,25,1
1523 ¡@¶}»õ,¤W¥«,¹q¾÷¾÷±ñ,25,1
1524 ¡@¯Õ¹©,¤W¥«,¹q¾÷¾÷±ñ,25,1
1525 ¡@¦¿¥Ó,¤W¥«,¹q¾÷¾÷±ñ,25,1
1526 ¡@¤é¹£,¤W¥«,¹q¾÷¾÷±ñ,25,1
1527 ¡@Æp¥þ,¤W¥«,¹q¾÷¾÷±ñ,25,1
1528 ¡@®¦¼w,¤W¥«,¹q¾÷¾÷±ñ,25,1
1529 ¡@¼Ö¤h,¤W¥«,¹q¾÷¾÷±ñ,25,1
1530 ¡@¨È´Q,¤W¥«,¹q¾÷¾÷±ñ,25,1
1531 ¡@°ªªLªÑ,¤W¥«,¹q¾÷¾÷±ñ,25,1
1533 ¡@¨®¤ý¹q,¤W¥«,¹q¾÷¾÷±ñ,25,1
1535 ¡@¤¤¦t,¤W¥«,¹q¾÷¾÷±ñ,25,1
1536 ¡@©M¤j,¤W¥«,¹q¾÷¾÷±ñ,25,1
1537 ¡@¼s¶©,¤W¥«,¹q¾÷¾÷±ñ,25,1
1538 ¡@¥¿®p·s,¤W¥«,¹q¾÷¾÷±ñ,25,1
1539 ¡@¥¨®x,¤W¥«,¹q¾÷¾÷±ñ,25,1
1540 ¡@³ìºÖ,¤W¥«,¹q¾÷¾÷±ñ,25,1
1541 ¡@ëù®õ,¤W¥«,¹q¾÷¾÷±ñ,25,1
1560 ¡@¤¤¬â,¤W¥«,¹q¾÷¾÷±ñ,25,1
1583 ¡@µ{®õ,¤W¥«,¹q¾÷¾÷±ñ,25,1
2049 ¡@¤W»È,¤W¥«,¹q¾÷¾÷±ñ,25,1
4526 ¡@ªF¥x,¤W¥«,¹q¾÷¾÷±ñ,25,1
4532 ¡@·ç´¼,¤W¥«,¹q¾÷¾÷±ñ,25,1
6605 ¡@«ÒÄ_,¤W¥«,¹q¾÷¾÷±ñ,25,1
8374 ¡@Ã¹ª@,¤W¥«,¹q¾÷¾÷±ñ,25,1
2101 ¡@«n´ä,¤W¥«,¾ó½¦¤u·~,26,1
2102 ¡@®õÂ×,¤W¥«,¾ó½¦¤u·~,26,1
2103 ¡@¥x¾ó,¤W¥«,¾ó½¦¤u·~,26,1
2104 ¡@¤¤¾ó,¤W¥«,¾ó½¦¤u·~,26,1
2105 ¡@¥¿·s,¤W¥«,¾ó½¦¤u·~,26,1
2106 ¡@«Ø¤j,¤W¥«,¾ó½¦¤u·~,26,1
2107 ¡@«p¥Í,¤W¥«,¾ó½¦¤u·~,26,1
2108 ¡@«n«Ò,¤W¥«,¾ó½¦¤u·~,26,1
2109 ¡@µØÂ×,¤W¥«,¾ó½¦¤u·~,26,1
1532 ¡@¶Ô¬ü,¤W¥«,¿ûÅK¤u·~,27,1
2002 ¡@¤¤¿û,¤W¥«,¿ûÅK¤u·~,27,1
2006 ¡@ªF¿û,¤W¥«,¿ûÅK¤u·~,27,1
2007 ¡@êM¿³,¤W¥«,¿ûÅK¤u·~,27,1
2008 ¡@°ª¿³©÷,¤W¥«,¿ûÅK¤u·~,27,1
2009 ¡@²Ä¤@»É,¤W¥«,¿ûÅK¤u·~,27,1
2010 ¡@¬K·½,¤W¥«,¿ûÅK¤u·~,27,1
2012 ¡@¬K«B,¤W¥«,¿ûÅK¤u·~,27,1
2013 ¡@¤¤¿ûºc,¤W¥«,¿ûÅK¤u·~,27,1
2014 ¡@¤¤ÂE,¤W¥«,¿ûÅK¤u·~,27,1
2015 ¡@Â×¿³,¤W¥«,¿ûÅK¤u·~,27,1
2017 ¡@©x¥Ð¿û,¤W¥«,¿ûÅK¤u·~,27,1
2020 ¡@¬ü¨È,¤W¥«,¿ûÅK¤u·~,27,1
2022 ¡@»E¦ë,¤W¥«,¿ûÅK¤u·~,27,1
2023 ¡@êM½÷,¤W¥«,¿ûÅK¤u·~,27,1
2024 ¡@§ÓÁp,¤W¥«,¿ûÅK¤u·~,27,1
2025 ¡@¤d¿³,¤W¥«,¿ûÅK¤u·~,27,1
2027 ¡@¤j¦¨¿û,¤W¥«,¿ûÅK¤u·~,27,1
2028 ¡@«Â­P,¤W¥«,¿ûÅK¤u·~,27,1
2029 ¡@²±¾l,¤W¥«,¿ûÅK¤u·~,27,1
2030 ¡@¹ü·½,¤W¥«,¿ûÅK¤u·~,27,1
2031 ¡@·s¥ú¿û,¤W¥«,¿ûÅK¤u·~,27,1
2032 ¡@·s¿û,¤W¥«,¿ûÅK¤u·~,27,1
2033 ¡@¨Î¤j,¤W¥«,¿ûÅK¤u·~,27,1
2034 ¡@¤¹±j,¤W¥«,¿ûÅK¤u·~,27,1
2038 ¡@®ü¥ú,¤W¥«,¿ûÅK¤u·~,27,1
3004 ¡@Â×¹F¬ì,¤W¥«,¿ûÅK¤u·~,27,1
9958 ¡@¥@¬ö¿û,¤W¥«,¿ûÅK¤u·~,27,1
2701 ¡@¸U¥ø,¤W¥«,Æ[¥ú¨Æ·~,28,1
2702 ¡@µØ¶é,¤W¥«,Æ[¥ú¨Æ·~,28,1
2704 ¡@°ê»«,¤W¥«,Æ[¥ú¨Æ·~,28,1
2705 ¡@¤»ºÖ,¤W¥«,Æ[¥ú¨Æ·~,28,1
2706 ¡@²Ä¤@©±,¤W¥«,Æ[¥ú¨Æ·~,28,1
2707 ¡@´¹µØ,¤W¥«,Æ[¥ú¨Æ·~,28,1
8940 ¡@·s¤Ñ¦a,¤W¥«,Æ[¥ú¨Æ·~,28,1
1742 ¡@¥xÄú,¤WÂd,¤Æ¾Ç¤u·~,1,2
1787 ¡@ºÖ¬Õ¬ì,¤WÂd,¤Æ¾Ç¤u·~,1,2
3303 ¡@©§¸W,¤WÂd,¤Æ¾Ç¤u·~,1,2
4702 ¡@¤¤¬üÁp,¤WÂd,¤Æ¾Ç¤u·~,1,2
4703 ¡@¬ü§J¯à,¤WÂd,¤Æ¾Ç¤u·~,1,2
4706 ¡@¤j®¥,¤WÂd,¤Æ¾Ç¤u·~,1,2
4707 ¡@½Y¨È,¤WÂd,¤Æ¾Ç¤u·~,1,2
4711 ¡@¥Ã¯Â,¤WÂd,¤Æ¾Ç¤u·~,1,2
4712 ¡@«n¼ý,¤WÂd,¤Æ¾Ç¤u·~,1,2
4714 ¡@¥Ã±¶,¤WÂd,¤Æ¾Ç¤u·~,1,2
4716 ¡@¤j¥ß,¤WÂd,¤Æ¾Ç¤u·~,1,2
4720 ¡@¼w²W,¤WÂd,¤Æ¾Ç¤u·~,1,2
4721 ¡@¬üµXº¿,¤WÂd,¤Æ¾Ç¤u·~,1,2
4722 ¡@°êºë¤Æ,¤WÂd,¤Æ¾Ç¤u·~,1,2
4733 ¡@¤W½n¥ø·~,¤WÂd,¤Æ¾Ç¤u·~,1,2
6509 ¡@»E©M,¤WÂd,¤Æ¾Ç¤u·~,1,2
1107 ¡@«Ø¥x,¤WÂd,¤ôªd¤u·~,2,2
3073 ¡@´¶®æ,¤WÂd,¥b¾ÉÅé·~,3,2
3087 ¡@µ¾·Ç,¤WÂd,¥b¾ÉÅé·~,3,2
3188 ¡@¦w­Z,¤WÂd,¥b¾ÉÅé·~,3,2
3219 ¡@­Ê±j,¤WÂd,¥b¾ÉÅé·~,3,2
3227 ¡@­ì¬Û,¤WÂd,¥b¾ÉÅé·~,3,2
3228 ¡@ª÷ÄR¬ì,¤WÂd,¥b¾ÉÅé·~,3,2
3252 ¡@®üÆW¬ì,¤WÂd,¥b¾ÉÅé·~,3,2
3259 ¡@øÊ³Ð,¤WÂd,¥b¾ÉÅé·~,3,2
3260 ¡@«Â­è,¤WÂd,¥b¾ÉÅé·~,3,2
3264 ¡@ªY»Í,¤WÂd,¥b¾ÉÅé·~,3,2
3265 ¡@¥x¬P¬ì,¤WÂd,¥b¾ÉÅé·~,3,2
3268 ¡@®ü¼w«Â,¤WÂd,¥b¾ÉÅé·~,3,2
3291 ¡@»·µ¾¬ì,¤WÂd,¥b¾ÉÅé·~,3,2
3317 ¡@¥§§J´Ë,¤WÂd,¥b¾ÉÅé·~,3,2
3372 ¡@¨å½d,¤WÂd,¥b¾ÉÅé·~,3,2
3438 ¡@Ãþ¤ñ¬ì,¤WÂd,¥b¾ÉÅé·~,3,2
3527 ¡@»E¿n,¤WÂd,¥b¾ÉÅé·~,3,2
3553 ¡@¤O¿n,¤WÂd,¥b¾ÉÅé·~,3,2
3556 ¡@¥Ý·ç¨È,¤WÂd,¥b¾ÉÅé·~,3,2
5302 ¡@¤ÓªY,¤WÂd,¥b¾ÉÅé·~,3,2
5314 ¡@¥@¬ö,¤WÂd,¥b¾ÉÅé·~,3,2
5324 ¡@¼wÂ×,¤WÂd,¥b¾ÉÅé·~,3,2
5326 ¡@º~½U,¤WÂd,¥b¾ÉÅé·~,3,2
5344 ¡@¥ß½Ã,¤WÂd,¥b¾ÉÅé·~,3,2
5346 ¡@¤O´¹,¤WÂd,¥b¾ÉÅé·~,3,2
5347 ¡@¥@¬É,¤WÂd,¥b¾ÉÅé·~,3,2
5351 ¡@à±³Ð,¤WÂd,¥b¾ÉÅé·~,3,2
5387 ¡@­Z¼w,¤WÂd,¥b¾ÉÅé·~,3,2
5425 ¡@¥x¥b,¤WÂd,¥b¾ÉÅé·~,3,2
5455 ¡@°T§Q¹q,¤WÂd,¥b¾ÉÅé·~,3,2
5466 ¡@®õªL,¤WÂd,¥b¾ÉÅé·~,3,2
5468 ¡@³Íà±,¤WÂd,¥b¾ÉÅé·~,3,2
5483 ¡@¤¤¬ü´¹,¤WÂd,¥b¾ÉÅé·~,3,2
5487 ¡@³q®õ,¤WÂd,¥b¾ÉÅé·~,3,2
6103 ¡@¦X¨¹,¤WÂd,¥b¾ÉÅé·~,3,2
6104 ¡@³Ð±©,¤WÂd,¥b¾ÉÅé·~,3,2
6129 ¡@´¶¸Û,¤WÂd,¥b¾ÉÅé·~,3,2
6130 ¡@¨È¥þ,¤WÂd,¥b¾ÉÅé·~,3,2
6138 ¡@­Z¹F,¤WÂd,¥b¾ÉÅé·~,3,2
6147 ¡@àà¨¹,¤WÂd,¥b¾ÉÅé·~,3,2
6182 ¡@¦X´¹,¤WÂd,¥b¾ÉÅé·~,3,2
6186 ¡@´¹½U,¤WÂd,¥b¾ÉÅé·~,3,2
6198 ¡@­â®õ,¤WÂd,¥b¾ÉÅé·~,3,2
6223 ¡@©ôª¿,¤WÂd,¥b¾ÉÅé·~,3,2
6229 ¡@¬ã³q,¤WÂd,¥b¾ÉÅé·~,3,2
6233 ¡@©ô¨h,¤WÂd,¥b¾ÉÅé·~,3,2
6236 ¡@­â¶V,¤WÂd,¥b¾ÉÅé·~,3,2
6237 ¡@÷~°T,¤WÂd,¥b¾ÉÅé·~,3,2
6243 ¡@¨³ªN,¤WÂd,¥b¾ÉÅé·~,3,2
6261 ¡@¤[¤¸,¤WÂd,¥b¾ÉÅé·~,3,2
6287 ¡@¤¸¶©,¤WÂd,¥b¾ÉÅé·~,3,2
6291 ¡@¨K¦ë,¤WÂd,¥b¾ÉÅé·~,3,2
8024 ¡@¦öµØ,¤WÂd,¥b¾ÉÅé·~,3,2
8040 ¡@¤E·z,¤WÂd,¥b¾ÉÅé·~,3,2
8054 ¡@¦w°ê,¤WÂd,¥b¾ÉÅé·~,3,2
8066 ¡@ºÖ°¥,¤WÂd,¥b¾ÉÅé·~,3,2
8079 ¡@¸Û»·,¤WÂd,¥b¾ÉÅé·~,3,2
8084 ¡@¥¨­i,¤WÂd,¥b¾ÉÅé·~,3,2
8086 ¡@§»±¶¬ì,¤WÂd,¥b¾ÉÅé·~,3,2
8088 ¡@«~¦w,¤WÂd,¥b¾ÉÅé·~,3,2
8261 ¡@´I¹©,¤WÂd,¥b¾ÉÅé·~,3,2
8277 ¡@°Ó¥à,¤WÂd,¥b¾ÉÅé·~,3,2
1565 ¡@ºëµØ,¤WÂd,¥Í§ÞÂåÀø·~,4,2
1752 ¡@«n¥ú,¤WÂd,¥Í§ÞÂåÀø·~,4,2
1777 ¡@¥Í®õ,¤WÂd,¥Í§ÞÂåÀø·~,4,2
1781 ¡@¦X¥@,¤WÂd,¥Í§ÞÂåÀø·~,4,2
1784 ¡@°TÁp,¤WÂd,¥Í§ÞÂåÀø·~,4,2
1788 ¡@§ö©÷,¤WÂd,¥Í§ÞÂåÀø·~,4,2
1799 ¡@¬õ¹qÂå,¤WÂd,¥Í§ÞÂåÀø·~,4,2
1813 ¡@Ä_§Q±t,¤WÂd,¥Í§ÞÂåÀø·~,4,2
3118 ¡@¶i¶¥,¤WÂd,¥Í§ÞÂåÀø·~,4,2
3164 ¡@´º©¨,¤WÂd,¥Í§ÞÂåÀø·~,4,2
3205 ¡@¤ÑÄÍ,¤WÂd,¥Í§ÞÂåÀø·~,4,2
3218 ¡@¤j¾Ç¥ú,¤WÂd,¥Í§ÞÂåÀø·~,4,2
3266 ¡@¥°¦p¬v,¤WÂd,¥Í§ÞÂåÀø·~,4,2
4102 ¡@¥Ã¤é,¤WÂd,¥Í§ÞÂåÀø·~,4,2
4103 ¡@¦Ê²¤,¤WÂd,¥Í§ÞÂåÀø·~,4,2
4105 ¡@ªF¬v,¤WÂd,¥Í§ÞÂåÀø·~,4,2
4107 ¡@¨¹¯S,¤WÂd,¥Í§ÞÂåÀø·~,4,2
4109 ¡@¥[±¶,¤WÂd,¥Í§ÞÂåÀø·~,4,2
4111 ¡@ÀÙ¥Í,¤WÂd,¥Í§ÞÂåÀø·~,4,2
4113 ¡@Áp¤W,¤WÂd,¥Í§ÞÂåÀø·~,4,2
4114 ¡@°·³ì,¤WÂd,¥Í§ÞÂåÀø·~,4,2
4120 ¡@¤ÍµØ,¤WÂd,¥Í§ÞÂåÀø·~,4,2
4121 ¡@Àu²±,¤WÂd,¥Í§ÞÂåÀø·~,4,2
4123 ¡@ÑÔ¼w,¤WÂd,¥Í§ÞÂåÀø·~,4,2
4126 ¡@¤ÓÂå,¤WÂd,¥Í§ÞÂåÀø·~,4,2
4127 ¡@¤Ñ¨},¤WÂd,¥Í§ÞÂåÀø·~,4,2
4128 ¡@¤¤¤Ñ,¤WÂd,¥Í§ÞÂåÀø·~,4,2
4129 ¡@Áp¦X,¤WÂd,¥Í§ÞÂåÀø·~,4,2
4131 ¡@´¹¦t,¤WÂd,¥Í§ÞÂåÀø·~,4,2
3066 ¡@§õ¬w,¤WÂd,¥ú¹q·~,5,2
3128 ¡@ª@¾U,¤WÂd,¥ú¹q·~,5,2
3230 ¡@ÀA©ú,¤WÂd,¥ú¹q·~,5,2
3297 ¡@ªC¯S,¤WÂd,¥ú¹q·~,5,2
3339 ¡@®õ¨¦,¤WÂd,¥ú¹q·~,5,2
3362 ¡@¥ý¶i¥ú,¤WÂd,¥ú¹q·~,5,2
3434 ¡@­õ©T,¤WÂd,¥ú¹q·~,5,2
3452 ¡@¯q³q,¤WÂd,¥ú¹q·~,5,2
3455 ¡@¥Ñ¥Ð,¤WÂd,¥ú¹q·~,5,2
3490 ¡@³æ¤«,¤WÂd,¥ú¹q·~,5,2
3516 ¡@¨È«Ò¼Ú,¤WÂd,¥ú¹q·~,5,2
3520 ¡@®¶ºû,¤WÂd,¥ú¹q·~,5,2
3522 ¡@§»´Ë,¤WÂd,¥ú¹q·~,5,2
3523 ¡@ªï½÷,¤WÂd,¥ú¹q·~,5,2
3531 ¡@¥ý¯q,¤WÂd,¥ú¹q·~,5,2
3562 ¡@³»´¹¬ì,¤WÂd,¥ú¹q·~,5,2
3615 ¡@¦w¥i,¤WÂd,¥ú¹q·~,5,2
4729 ¡@º·­Z,¤WÂd,¥ú¹q·~,5,2
5315 ¡@¥úÁp,¤WÂd,¥ú¹q·~,5,2
5392 ¡@À³µØ,¤WÂd,¥ú¹q·~,5,2
5395 ¡@´¶´­,¤WÂd,¥ú¹q·~,5,2
5432 ¡@¹F«Â,¤WÂd,¥ú¹q·~,5,2
5443 ¡@§¡»¨,¤WÂd,¥ú¹q·~,5,2
6125 ¡@¼s¹B,¤WÂd,¥ú¹q·~,5,2
6156 ¡@¬ì¾ô,¤WÂd,¥ú¹q·~,5,2
6167 ¡@¤[¥¿,¤WÂd,¥ú¹q·~,5,2
6234 ¡@°ª¹´,¤WÂd,¥ú¹q·~,5,2
6244 ¡@­Z­},¤WÂd,¥ú¹q·~,5,2
6246 ¡@»OÀs,¤WÂd,¥ú¹q·~,5,2
6278 ¡@¥xªí¬ì,¤WÂd,¥ú¹q·~,5,2
6294 ¡@´¼°ò,¤WÂd,¥ú¹q·~,5,2
8049 ¡@´¹ªö,¤WÂd,¥ú¹q·~,5,2
8053 ¡@¥¨À¼,¤WÂd,¥ú¹q·~,5,2
8064 ¡@ªF±¶,¤WÂd,¥ú¹q·~,5,2
8069 ¡@¤¸¤Ó,¤WÂd,¥ú¹q·~,5,2
8071 ¡@Â×Án,¤WÂd,¥ú¹q·~,5,2
8077 ¡@«aµØ,¤WÂd,¥ú¹q·~,5,2
8087 ¡@µØÁâøÊ,¤WÂd,¥ú¹q·~,5,2
8107 ¡@¤j»õ¬ì,¤WÂd,¥ú¹q·~,5,2
8111 ¡@¥ßùÖ,¤WÂd,¥ú¹q·~,5,2
8240 ¡@µØ§»,¤WÂd,¥ú¹q·~,5,2
8266 ¡@¤¤¤é·s,¤WÂd,¥ú¹q·~,5,2
1584 ¡@ºë­è,¤WÂd,¨ä¥L,7,2
2221 ¡@¤j¥Ò,¤WÂd,¨ä¥L,7,2
3284 ¡@¤Ó´¶°ª,¤WÂd,¨ä¥L,7,2
3388 ¡@±R¶V¹q,¤WÂd,¨ä¥L,7,2
5312 ¡@Ä_®q¬ì,¤WÂd,¨ä¥L,7,2
8390 ¡@ª÷¯q¹©,¤WÂd,¨ä¥L,7,2
8705 ¡@ªF¶©,¤WÂd,¨ä¥L,7,2
8905 ¡@¸Î°ê,¤WÂd,¨ä¥L,7,2
8906 ¡@ªá¤ý,¤WÂd,¨ä¥L,7,2
8913 ¡@µØ®L¸ê,¤WÂd,¨ä¥L,7,2
8916 ¡@¥ú¶©,¤WÂd,¨ä¥L,7,2
8921 ¡@¨H¤ó,¤WÂd,¨ä¥L,7,2
8923 ¡@®É³ø,¤WÂd,¨ä¥L,7,2
8924 ¡@¤j¥Ð,¤WÂd,¨ä¥L,7,2
8925 ¡@°¶·ù,¤WÂd,¨ä¥L,7,2
8928 ¡@¹d©ú,¤WÂd,¨ä¥L,7,2
8929 ¡@´I³ù,¤WÂd,¨ä¥L,7,2
8932 ¡@§»¤j,¤WÂd,¨ä¥L,7,2
8933 ¡@·R¦a¶®,¤WÂd,¨ä¥L,7,2
8934 ¡@¥@ ¬ì§Þ,¤WÂd,¨ä¥L,7,2
8935 ¡@¨¹®õ,¤WÂd,¨ä¥L,7,2
8936 ¡@°ê²Î,¤WÂd,¨ä¥L,7,2
8937 ¡@¦Xñ¯,¤WÂd,¨ä¥L,7,2
8938 ¡@©ú¦w,¤WÂd,¨ä¥L,7,2
8942 ¡@´Ë¹d,¤WÂd,¨ä¥L,7,2
9946 ¡@ª÷­²,¤WÂd,¨ä¥L,7,2
9949 ¡@¯[¶é,¤WÂd,¨ä¥L,7,2
1785 ¡@¥ú¬v¬ì,¤WÂd,¨ä¥L¹q¤l·~,8,2
3064 ¡@®õ°¶,¤WÂd,¨ä¥L¹q¤l·~,8,2
3067 ¡@¥þ°ì,¤WÂd,¨ä¥L¹q¤l·~,8,2
3093 ¡@´ä«Ø,¤WÂd,¨ä¥L¹q¤l·~,8,2
3289 ¡@©y¯S,¤WÂd,¨ä¥L¹q¤l·~,8,2
3324 ¡@ÂùÂE,¤WÂd,¨ä¥L¹q¤l·~,8,2
3373 ¡@¼ö¬M,¤WÂd,¨ä¥L¹q¤l·~,8,2
3402 ¡@º~¬ì,¤WÂd,¨ä¥L¹q¤l·~,8,2
3466 ¡@­P®¶,¤WÂd,¨ä¥L¹q¤l·~,8,2
3498 ¡@¶§µ{,¤WÂd,¨ä¥L¹q¤l·~,8,2
3508 ¡@¦ì³t,¤WÂd,¨ä¥L¹q¤l·~,8,2
3551 ¡@¥@¥Ý,¤WÂd,¨ä¥L¹q¤l·~,8,2
3552 ¡@¦P­P,¤WÂd,¨ä¥L¹q¤l·~,8,2
3587 ¡@¶£±d,¤WÂd,¨ä¥L¹q¤l·~,8,2
4415 ¡@¬ü¹Å¹q,¤WÂd,¨ä¥L¹q¤l·~,8,2
5383 ¡@ª÷§Q,¤WÂd,¨ä¥L¹q¤l·~,8,2
5452 ¡@Ë¸Àu,¤WÂd,¨ä¥L¹q¤l·~,8,2
5489 ¡@±m´I,¤WÂd,¨ä¥L¹q¤l·~,8,2
5492 ¡@¨È´¼¬ì,¤WÂd,¨ä¥L¹q¤l·~,8,2
5493 ¡@¤TÁp,¤WÂd,¨ä¥L¹q¤l·~,8,2
6144 ¡@±o§Q¼v,¤WÂd,¨ä¥L¹q¤l·~,8,2
6146 ¡@¯Ñ¿³,¤WÂd,¨ä¥L¹q¤l·~,8,2
6151 ¡@®Ê­Û,¤WÂd,¨ä¥L¹q¤l·~,8,2
6179 ¡@¥@¥õ,¤WÂd,¨ä¥L¹q¤l·~,8,2
6187 ¡@¸U¼í,¤WÂd,¨ä¥L¹q¤l·~,8,2
6212 ¡@²z»Ê,¤WÂd,¨ä¥L¹q¤l·~,8,2
6238 ¡@¥¨¹Ï,¤WÂd,¨ä¥L¹q¤l·~,8,2
6275 ¡@¤¸¤s,¤WÂd,¨ä¥L¹q¤l·~,8,2
6276 ¡@¦WÄÁ,¤WÂd,¨ä¥L¹q¤l·~,8,2
8047 ¡@¬P¶³,¤WÂd,¨ä¥L¹q¤l·~,8,2
8085 ¡@ºÖµØ,¤WÂd,¨ä¥L¹q¤l·~,8,2
8092 ¡@«ØÝÂ,¤WÂd,¨ä¥L¹q¤l·~,8,2
8183 ¡@ºë¬P,¤WÂd,¨ä¥L¹q¤l·~,8,2
8383 ¡@¤dªþ,¤WÂd,¨ä¥L¹q¤l·~,8,2
8908 ¡@ªY¶¯,¤WÂd,ªo¹q¿U®ð·~,9,2
8917 ¡@ªY®õ,¤WÂd,ªo¹q¿U®ð·~,9,2
8927 ¡@¥_°ò,¤WÂd,ªo¹q¿U®ð·~,9,2
8931 ¡@¤j¨T¹q,¤WÂd,ªo¹q¿U®ð·~,9,2
5820 ¡@¤é²±ª÷,¤WÂd,ª÷¿Ä«OÀI,10,2
6008 ¡@³Í°òÃÒ,¤WÂd,ª÷¿Ä«OÀI,10,2
6015 ¡@§»»·ÃÒ,¤WÂd,ª÷¿Ä«OÀI,10,2
6016 ¡@±d©MÃÒ,¤WÂd,ª÷¿Ä«OÀI,10,2
6020 ¡@¤j®iÃÒ,¤WÂd,ª÷¿Ä«OÀI,10,2
6021 ¡@¤j¼yÃÒ,¤WÂd,ª÷¿Ä«OÀI,10,2
6022 ¡@¤j²³ÃÒ,¤WÂd,ª÷¿Ä«OÀI,10,2
6023 ¡@Ä_¨Ó´Á,¤WÂd,ª÷¿Ä«OÀI,10,2
6024 ¡@¸s¯q´Á,¤WÂd,ª÷¿Ä«OÀI,10,2
2596 ¡@ºñ·N,¤WÂd,«Ø§÷Àç³y,11,2
4416 ¡@¤T¶ê,¤WÂd,«Ø§÷Àç³y,11,2
5213 ¡@¤O©ý,¤WÂd,«Ø§÷Àç³y,11,2
5505 ¡@©M©ô,¤WÂd,«Ø§÷Àç³y,11,2
5506 ¡@ªøÂE,¤WÂd,«Ø§÷Àç³y,11,2
5508 ¡@¥Ã«H«Ø,¤WÂd,«Ø§÷Àç³y,11,2
5511 ¡@¼w©÷,¤WÂd,«Ø§÷Àç³y,11,2
5512 ¡@¤OÄQ,¤WÂd,«Ø§÷Àç³y,11,2
5514 ¡@¤TÂ×,¤WÂd,«Ø§÷Àç³y,11,2
5516 ¡@Âù³ß,¤WÂd,«Ø§÷Àç³y,11,2
5519 ¡@¶©¤j,¤WÂd,«Ø§÷Àç³y,11,2
5520 ¡@¤O®õ,¤WÂd,«Ø§÷Àç³y,11,2
5521 ¡@¤u«H,¤WÂd,«Ø§÷Àç³y,11,2
5523 ¡@§»³£,¤WÂd,«Ø§÷Àç³y,11,2
5529 ¡@§Ó¹Å,¤WÂd,«Ø§÷Àç³y,11,2
5530 ¡@¤jº~,¤WÂd,«Ø§÷Àç³y,11,2
4801 ¡@½X´µ¯S,¤WÂd,¬Á¼þ³³²¡,12,2
4205 ¡@«í¸q,¤WÂd,­¹«~¤u·~,13,2
4207 ¡@Àô®õ,¤WÂd,­¹«~¤u·~,13,2
4401 ¡@ªF¶©¿³,¤WÂd,¯¼Â´ÅÖºû,14,2
4402 ¡@ºÖ¤j,¤WÂd,¯¼Â´ÅÖºû,14,2
4406 ¡@·s©ýÅÖ,¤WÂd,¯¼Â´ÅÖºû,14,2
4408 ¡@Áp©ú,¤WÂd,¯¼Â´ÅÖºû,14,2
4413 ¡@­¸Ä_,¤WÂd,¯¼Â´ÅÖºû,14,2
4417 ¡@ª÷¬w,¤WÂd,¯¼Â´ÅÖºû,14,2
4419 ¡@ªQÀ·,¤WÂd,¯¼Â´ÅÖºû,14,2
4420 ¡@¥ú©ú,¤WÂd,¯¼Â´ÅÖºû,14,2
4426 ¡@§Q¶Ô,¤WÂd,¯¼Â´ÅÖºû,14,2
2636 ¡@¥x÷~,¤WÂd,¯è¹B·~,15,2
5601 ¡@¥xÁpÂd,¤WÂd,¯è¹B·~,15,2
5603 ¡@³°®ü,¤WÂd,¯è¹B·~,15,2
5604 ¡@¤¤³s³f,¤WÂd,¯è¹B·~,15,2
5609 ¡@¤¤µá¦æ,¤WÂd,¯è¹B·~,15,2
3068 ¡@¬ü½U,¤WÂd,³q«Hºô¸ô·~,16,2
3095 ¡@¤Î¦¨,¤WÂd,³q«Hºô¸ô·~,16,2
3152 ¡@¿[¼w,¤WÂd,³q«Hºô¸ô·~,16,2
3221 ¡@¥x¹ÅºÓ,¤WÂd,³q«Hºô¸ô·~,16,2
3290 ¡@ªF®ú,¤WÂd,³q«Hºô¸ô·~,16,2
3306 ¡@¹©¤Ñ,¤WÂd,³q«Hºô¸ô·~,16,2
3431 ¡@ªø¤Ñ,¤WÂd,³q«Hºô¸ô·~,16,2
3454 ¡@´¹ºÍ,¤WÂd,³q«Hºô¸ô·~,16,2
3491 ¡@ª@¹F¬ì,¤WÂd,³q«Hºô¸ô·~,16,2
3499 ¡@Àô¤Ñ¬ì,¤WÂd,³q«Hºô¸ô·~,16,2
4903 ¡@Áp¥ú³q,¤WÂd,³q«Hºô¸ô·~,16,2
4905 ¡@¥xÁp¹q,¤WÂd,³q«Hºô¸ô·~,16,2
4907 ¡@¥¿µØ,¤WÂd,³q«Hºô¸ô·~,16,2
4908 ¡@«e¹©,¤WÂd,³q«Hºô¸ô·~,16,2
4909 ¡@·s´_¿³,¤WÂd,³q«Hºô¸ô·~,16,2
5304 ¡@¹©³Ð¹F,¤WÂd,³q«Hºô¸ô·~,16,2
5306 ¡@°T±d,¤WÂd,³q«Hºô¸ô·~,16,2
5348 ¡@¨t³q,¤WÂd,³q«Hºô¸ô·~,16,2
5353 ¡@¥xªL,¤WÂd,³q«Hºô¸ô·~,16,2
6109 ¡@¨È¤¸,¤WÂd,³q«Hºô¸ô·~,16,2
6143 ¡@®¶Â`,¤WÂd,³q«Hºô¸ô·~,16,2
6152 ¡@¦Ê¤@,¤WÂd,³q«Hºô¸ô·~,16,2
6163 ¡@µØ¹qºô,¤WÂd,³q«Hºô¸ô·~,16,2
6170 ¡@²Î®¶,¤WÂd,³q«Hºô¸ô·~,16,2
6190 ¡@¸U®õ,¤WÂd,³q«Hºô¸ô·~,16,2
6218 ¡@»¨«j,¤WÂd,³q«Hºô¸ô·~,16,2
6241 ¡@¨É©Ó,¤WÂd,³q«Hºô¸ô·~,16,2
6245 ¡@¥ßºÝ,¤WÂd,³q«Hºô¸ô·~,16,2
6263 ¡@´¶µÜ¼w,¤WÂd,³q«Hºô¸ô·~,16,2
6264 ¡@¼w¤h³q,¤WÂd,³q«Hºô¸ô·~,16,2
8034 ¡@ºa¸s,¤WÂd,³q«Hºô¸ô·~,16,2
8082 ¡@±¶¶W,¤WÂd,³q«Hºô¸ô·~,16,2
8097 ¡@ÂEªQ,¤WÂd,³q«Hºô¸ô·~,16,2
2916 ¡@º¡¤ß,¤WÂd,¶T©ö¦Ê³f,18,2
2921 ¡@©M¼Ö,¤WÂd,¶T©ö¦Ê³f,18,2
5902 ¡@¼w°O,¤WÂd,¶T©ö¦Ê³f,18,2
5903 ¡@¥þ®a,¤WÂd,¶T©ö¦Ê³f,18,2
5904 ¡@Ä_¶®,¤WÂd,¶T©ö¦Ê³f,18,2
5905 ¡@«n¤¯´ò,¤WÂd,¶T©ö¦Ê³f,18,2
8941 ¡@Ãö¤¤,¤WÂd,¶T©ö¦Ê³f,18,2
9960 ¡@ÁÚ¹F±d,¤WÂd,¶T©ö¦Ê³f,18,2
4303 ¡@«H¥ß,¤WÂd,¶ì½¦¤u·~,19,2
4304 ¡@³Ó¬R,¤WÂd,¶ì½¦¤u·~,19,2
4305 ¡@¥@©[,¤WÂd,¶ì½¦¤u·~,19,2
6508 ¡@´f¥ú,¤WÂd,¶ì½¦¤u·~,19,2
8354 ¡@«a°q,¤WÂd,¶ì½¦¤u·~,19,2
9950 ¡@¸U°ê³q,¤WÂd,¶ì½¦¤u·~,19,2
3083 ¡@ºôÀs,¤WÂd,¸ê°TªA°È·~,20,2
3085 ¡@¤[¤j,¤WÂd,¸ê°TªA°È·~,20,2
3086 ¡@µØ¸q,¤WÂd,¸ê°TªA°È·~,20,2
3293 ¡@Üc¶H,¤WÂd,¸ê°TªA°È·~,20,2
3546 ¡@¦t®m,¤WÂd,¸ê°TªA°È·~,20,2
3570 ¡@¤j¶ï,¤WÂd,¸ê°TªA°È·~,20,2
5201 ¡@³Í½Ã,¤WÂd,¸ê°TªA°È·~,20,2
5202 ¡@¤O·s,¤WÂd,¸ê°TªA°È·~,20,2
5205 ¡@º~±d,¤WÂd,¸ê°TªA°È·~,20,2
5206 ¡@¸g½n,¤WÂd,¸ê°TªA°È·~,20,2
5209 ¡@·s¹©,¤WÂd,¸ê°TªA°È·~,20,2
5210 ¡@Ä_ºÓ,¤WÂd,¸ê°TªA°È·~,20,2
5211 ¡@»X«ï,¤WÂd,¸ê°TªA°È·~,20,2
5212 ¡@­âºô,¤WÂd,¸ê°TªA°È·~,20,2
5310 ¡@¤Ñ­è,¤WÂd,¸ê°TªA°È·~,20,2
5403 ¡@¤¤µá,¤WÂd,¸ê°TªA°È·~,20,2
5410 ¡@°ê²³,¤WÂd,¸ê°TªA°È·~,20,2
5478 ¡@´¼«a,¤WÂd,¸ê°TªA°È·~,20,2
6111 ¡@¤j¦t¸ê,¤WÂd,¸ê°TªA°È·~,20,2
6140 ¡@°T¹F,¤WÂd,¸ê°TªA°È·~,20,2
6148 ¡@÷~§»¸ê,¤WÂd,¸ê°TªA°È·~,20,2
6169 ¡@¬R¬u,¤WÂd,¸ê°TªA°È·~,20,2
6180 ¡@¾ï¤l,¤WÂd,¸ê°TªA°È·~,20,2
6183 ¡@Ãö¶T,¤WÂd,¸ê°TªA°È·~,20,2
6214 ¡@ºë¸Û,¤WÂd,¸ê°TªA°È·~,20,2
6221 ¡@®Ê®õ,¤WÂd,¸ê°TªA°È·~,20,2
6231 ¡@¨t·L,¤WÂd,¸ê°TªA°È·~,20,2
6240 ¡@²Î¤@¤¸,¤WÂd,¸ê°TªA°È·~,20,2
8044 ¡@ºô®a,¤WÂd,¸ê°TªA°È·~,20,2
8099 ¡@¤j¥@¬ì,¤WÂd,¸ê°TªA°È·~,20,2
3224 ¡@¤TÅU,¤WÂd,¹q¤l³q¸ô·~,21,2
3232 ¡@¬R±¶,¤WÂd,¹q¤l³q¸ô·~,21,2
3312 ¡@¥°¾ÐªÑ,¤WÂd,¹q¤l³q¸ô·~,21,2
3360 ¡@©|¥ß,¤WÂd,¹q¤l³q¸ô·~,21,2
3389 ¡@§Ó»·,¤WÂd,¹q¤l³q¸ô·~,21,2
3444 ¡@§Q¾÷,¤WÂd,¹q¤l³q¸ô·~,21,2
5213 ¡@¤O©ý,¤WÂd,¹q¤l³q¸ô·~,21,2
5467 ¡@ÁpºÖ¥Í,¤WÂd,¹q¤l³q¸ô·~,21,2
5498 ¡@³Í´Q,¤WÂd,¹q¤l³q¸ô·~,21,2
6113 ¡@¨Èª¿,¤WÂd,¹q¤l³q¸ô·~,21,2
6118 ¡@«Ø¹F,¤WÂd,¹q¤l³q¸ô·~,21,2
6135 ¡@¨ÎÀç,¤WÂd,¹q¤l³q¸ô·~,21,2
6154 ¡@¶¶µo,¤WÂd,¹q¤l³q¸ô·~,21,2
6171 ¡@¨È¾U¤h,¤WÂd,¹q¤l³q¸ô·~,21,2
6177 ¡@¹FÄR,¤WÂd,¹q¤l³q¸ô·~,21,2
6195 ¡@¦°®i,¤WÂd,¹q¤l³q¸ô·~,21,2
6227 ¡@­Zºú,¤WÂd,¹q¤l³q¸ô·~,21,2
6259 ¡@¦ÊÀ²,¤WÂd,¹q¤l³q¸ô·~,21,2
6265 ¡@–OÎë,¤WÂd,¹q¤l³q¸ô·~,21,2
6270 ¡@­¿·L,¤WÂd,¹q¤l³q¸ô·~,21,2
8032 ¡@¥úµÙ,¤WÂd,¹q¤l³q¸ô·~,21,2
8067 ¡@§Ó¦°,¤WÂd,¹q¤l³q¸ô·~,21,2
8068 ¡@¥þ¹F,¤WÂd,¹q¤l³q¸ô·~,21,2
8096 ¡@Àº¨È,¤WÂd,¹q¤l³q¸ô·~,21,2
1333 ¡@®¦±o§Q,¤WÂd,¹q¤l¹s²Õ¥ó·~,22,2
1336 ¡@¥x¿«,¤WÂd,¹q¤l¹s²Õ¥ó·~,22,2
1582 ¡@«HÀA,¤WÂd,¹q¤l¹s²Õ¥ó·~,22,2
1815 ¡@´I³ì,¤WÂd,¹q¤l¹s²Õ¥ó·~,22,2
3078 ¡@¹´«Â,¤WÂd,¹q¤l¹s²Õ¥ó·~,22,2
3089 ¡@®i¦¨,¤WÂd,¹q¤l¹s²Õ¥ó·~,22,2
3099 ¡@³»­Û,¤WÂd,¹q¤l¹s²Õ¥ó·~,22,2
3114 ¡@¦n¼w,¤WÂd,¹q¤l¹s²Õ¥ó·~,22,2
3115 ¡@Ä_®q·¥,¤WÂd,¹q¤l¹s²Õ¥ó·~,22,2
3144 ¡@·s´­¬ì,¤WÂd,¹q¤l¹s²Õ¥ó·~,22,2
3191 ¡@©M¶i,¤WÂd,¹q¤l¹s²Õ¥ó·~,22,2
3202 ¡@¾ìÑÔ,¤WÂd,¹q¤l¹s²Õ¥ó·~,22,2
3206 ¡@§ÓÂ×,¤WÂd,¹q¤l¹s²Õ¥ó·~,22,2
3207 ¡@Ä£³Ó,¤WÂd,¹q¤l¹s²Õ¥ó·~,22,2
3226 ¡@¦ÜÄ_¹q,¤WÂd,¹q¤l¹s²Õ¥ó·~,22,2
3229 ¡@ÑÔÜg,¤WÂd,¹q¤l¹s²Õ¥ó·~,22,2
3236 ¡@¤d¦p,¤WÂd,¹q¤l¹s²Õ¥ó·~,22,2
3276 ¡@¦tÀô,¤WÂd,¹q¤l¹s²Õ¥ó·~,22,2
3288 ¡@ÂI´¹,¤WÂd,¹q¤l¹s²Õ¥ó·~,22,2
3294 ¡@­^ÀÙ,¤WÂd,¹q¤l¹s²Õ¥ó·~,22,2
3299 ¡@©­º~,¤WÂd,¹q¤l¹s²Õ¥ó·~,22,2
3310 ¡@¨Î¿o,¤WÂd,¹q¤l¹s²Õ¥ó·~,22,2
3313 ¡@´´¦¨,¤WÂd,¹q¤l¹s²Õ¥ó·~,22,2
3322 ¡@«ØµÏ¹q,¤WÂd,¹q¤l¹s²Õ¥ó·~,22,2
3332 ¡@©¯±d,¤WÂd,¹q¤l¹s²Õ¥ó·~,22,2
3354 ¡@«ß³Ó,¤WÂd,¹q¤l¹s²Õ¥ó·~,22,2
3390 ¡@¦°³n,¤WÂd,¹q¤l¹s²Õ¥ó·~,22,2
3465 ¡@²»·~,¤WÂd,¹q¤l¹s²Õ¥ó·~,22,2
3484 ¡@±]ÄË,¤WÂd,¹q¤l¹s²Õ¥ó·~,22,2
3511 ¡@ª¿º¿,¤WÂd,¹q¤l¹s²Õ¥ó·~,22,2
3512 ¡@¯à½{,¤WÂd,¹q¤l¹s²Õ¥ó·~,22,2
3526 ¡@¤Z¥Ò,¤WÂd,¹q¤l¹s²Õ¥ó·~,22,2
3548 ¡@¥ü§Q,¤WÂd,¹q¤l¹s²Õ¥ó·~,22,2
5301 ¡@²»¸Î,¤WÂd,¹q¤l¹s²Õ¥ó·~,22,2
5309 ¡@¨t²Î,¤WÂd,¹q¤l¹s²Õ¥ó·~,22,2
5317 ¡@³Í¬ü,¤WÂd,¹q¤l¹s²Õ¥ó·~,22,2
5318 ¡@¨Î¹©,¤WÂd,¹q¤l¹s²Õ¥ó·~,22,2
5321 ¡@¤Í»Í,¤WÂd,¹q¤l¹s²Õ¥ó·~,22,2
5328 ¡@µØ®e,¤WÂd,¹q¤l¹s²Õ¥ó·~,22,2
5340 ¡@«Øºa,¤WÂd,¹q¤l¹s²Õ¥ó·~,22,2
5345 ¡@¤Ñ´­,¤WÂd,¹q¤l¹s²Õ¥ó·~,22,2
5349 ¡@¥ýÂ×,¤WÂd,¹q¤l¹s²Õ¥ó·~,22,2
5355 ¡@¨ÎÁ`,¤WÂd,¹q¤l¹s²Õ¥ó·~,22,2
5356 ¡@¨ó¯q,¤WÂd,¹q¤l¹s²Õ¥ó·~,22,2
5364 ¡@¯EÄË,¤WÂd,¹q¤l¹s²Õ¥ó·~,22,2
5381 ¡@¦X¥¿,¤WÂd,¹q¤l¹s²Õ¥ó·~,22,2
5398 ¡@¤OÞ³,¤WÂd,¹q¤l¹s²Õ¥ó·~,22,2
5439 ¡@°ª§Þ,¤WÂd,¹q¤l¹s²Õ¥ó·~,22,2
5457 ¡@«Å¼w,¤WÂd,¹q¤l¹s²Õ¥ó·~,22,2
5460 ¡@¦P¨ó,¤WÂd,¹q¤l¹s²Õ¥ó·~,22,2
5464 ¡@ÀM§»,¤WÂd,¹q¤l¹s²Õ¥ó·~,22,2
5475 ¡@¼w§»,¤WÂd,¹q¤l¹s²Õ¥ó·~,22,2
5480 ¡@²Î·ù,¤WÂd,¹q¤l¹s²Õ¥ó·~,22,2
5481 ¡@µØöq,¤WÂd,¹q¤l¹s²Õ¥ó·~,22,2
5488 ¡@ªQ´¶,¤WÂd,¹q¤l¹s²Õ¥ó·~,22,2
5491 ¡@³s®i,¤WÂd,¹q¤l¹s²Õ¥ó·~,22,2
6101 ¡@¥°±¶,¤WÂd,¹q¤l¹s²Õ¥ó·~,22,2
6107 ¡@µØ¬ü,¤WÂd,¹q¤l¹s²Õ¥ó·~,22,2
6114 ¡@µ¾ª@,¤WÂd,¹q¤l¹s²Õ¥ó·~,22,2
6124 ¡@·~±j,¤WÂd,¹q¤l¹s²Õ¥ó·~,22,2
6126 ¡@«H­µ,¤WÂd,¹q¤l¹s²Õ¥ó·~,22,2
6127 ¡@¤E»¨,¤WÂd,¹q¤l¹s²Õ¥ó·~,22,2
6134 ¡@¸U¦°,¤WÂd,¹q¤l¹s²Õ¥ó·~,22,2
6158 ¡@¥Ý©÷,¤WÂd,¹q¤l¹s²Õ¥ó·~,22,2
6173 ¡@«H©÷¹q,¤WÂd,¹q¤l¹s²Õ¥ó·~,22,2
6174 ¡@¦wùÖ,¤WÂd,¹q¤l¹s²Õ¥ó·~,22,2
6175 ¡@¥ß´°,¤WÂd,¹q¤l¹s²Õ¥ó·~,22,2
6185 ¡@´Wµ¾,¤WÂd,¹q¤l¹s²Õ¥ó·~,22,2
6194 ¡@¨|´I,¤WÂd,¹q¤l¹s²Õ¥ó·~,22,2
6203 ¡@®üÃý,¤WÂd,¹q¤l¹s²Õ¥ó·~,22,2
6204 ¡@¦ãµØ,¤WÂd,¹q¤l¹s²Õ¥ó·~,22,2
6207 ¡@¹p¬ì,¤WÂd,¹q¤l¹s²Õ¥ó·~,22,2
6208 ¡@¤é´­,¤WÂd,¹q¤l¹s²Õ¥ó·~,22,2
6210 ¡@¼y¥Í,¤WÂd,¹q¤l¹s²Õ¥ó·~,22,2
6211 ¡@ºÖµn,¤WÂd,¹q¤l¹s²Õ¥ó·~,22,2
6217 ¡@¤¤±´°w,¤WÂd,¹q¤l¹s²Õ¥ó·~,22,2
6220 ¡@©¨Â×,¤WÂd,¹q¤l¹s²Õ¥ó·~,22,2
6224 ¡@»E¹©,¤WÂd,¹q¤l¹s²Õ¥ó·~,22,2
6242 ¡@Áp»¨¬ì,¤WÂd,¹q¤l¹s²Õ¥ó·~,22,2
6248 ¡@¨Kªi,¤WÂd,¹q¤l¹s²Õ¥ó·~,22,2
6250 ¡@¦t¥[,¤WÂd,¹q¤l¹s²Õ¥ó·~,22,2
6266 ¡@®õµú,¤WÂd,¹q¤l¹s²Õ¥ó·~,22,2
6274 ¡@¥xïú,¤WÂd,¹q¤l¹s²Õ¥ó·~,22,2
6279 ¡@­J³s,¤WÂd,¹q¤l¹s²Õ¥ó·~,22,2
6284 ¡@¨Î¨¹,¤WÂd,¹q¤l¹s²Õ¥ó·~,22,2
6290 ¡@¨}ºû,¤WÂd,¹q¤l¹s²Õ¥ó·~,22,2
6292 ¡@¨³¼w,¤WÂd,¹q¤l¹s²Õ¥ó·~,22,2
8039 ¡@¥x­i,¤WÂd,¹q¤l¹s²Õ¥ó·~,22,2
8042 ¡@ª÷¤s¹q,¤WÂd,¹q¤l¹s²Õ¥ó·~,22,2
8043 ¡@»e±æ¹ê,¤WÂd,¹q¤l¹s²Õ¥ó·~,22,2
8074 ¡@¹d¾ó,¤WÂd,¹q¤l¹s²Õ¥ó·~,22,2
8080 ¡@¶ø´µ¯S,¤WÂd,¹q¤l¹s²Õ¥ó·~,22,2
8091 ¡@µ¾¦W,¤WÂd,¹q¤l¹s²Õ¥ó·~,22,2
8093 ¡@«O¾U,¤WÂd,¹q¤l¹s²Õ¥ó·~,22,2
8103 ¡@Ãv¯þ,¤WÂd,¹q¤l¹s²Õ¥ó·~,22,2
8109 ¡@³Õ¤j,¤WÂd,¹q¤l¹s²Õ¥ó·~,22,2
8121 ¡@¶V®p,¤WÂd,¹q¤l¹s²Õ¥ó·~,22,2
8182 ¡@¥[°ª,¤WÂd,¹q¤l¹s²Õ¥ó·~,22,2
8287 ¡@­^®æº¸,¤WÂd,¹q¤l¹s²Õ¥ó·~,22,2
8289 ¡@®õÃÀ,¤WÂd,¹q¤l¹s²Õ¥ó·~,22,2
1569 ¡@ÀØ¤t,¤WÂd,¹q¸£¤Î¶gÃä³]³Æ·~,23,2
3069 ¡@Ä_ÑÔ¬ì,¤WÂd,¹q¸£¤Î¶gÃä³]³Æ·~,23,2
3071 ¡@¨óÁH,¤WÂd,¹q¸£¤Î¶gÃä³]³Æ·~,23,2
3088 ¡@¦ã°T,¤WÂd,¹q¸£¤Î¶gÃä³]³Æ·~,23,2
3126 ¡@«H»õ,¤WÂd,¹q¸£¤Î¶gÃä³]³Æ·~,23,2
3171 ¡@¤Ñ¹£,¤WÂd,¹q¸£¤Î¶gÃä³]³Æ·~,23,2
3211 ¡@¶¶¹F,¤WÂd,¹q¸£¤Î¶gÃä³]³Æ·~,23,2
3213 ¡@­Z°T,¤WÂd,¹q¸£¤Î¶gÃä³]³Æ·~,23,2
3217 ¡@Àu¸s,¤WÂd,¹q¸£¤Î¶gÃä³]³Æ·~,23,2
3287 ¡@¼s¾È¬ì,¤WÂd,¹q¸£¤Î¶gÃä³]³Æ·~,23,2
3323 ¡@¥[¦Ê¸Î,¤WÂd,¹q¸£¤Î¶gÃä³]³Æ·~,23,2
3325 ¡@¦°«~,¤WÂd,¹q¸£¤Î¶gÃä³]³Æ·~,23,2
3416 ¡@¿Äµ{¹q,¤WÂd,¹q¸£¤Î¶gÃä³]³Æ·~,23,2
3483 ¡@¤O­P,¤WÂd,¹q¸£¤Î¶gÃä³]³Æ·~,23,2
3489 ¡@ÚâÄ_,¤WÂd,¹q¸£¤Î¶gÃä³]³Æ·~,23,2
3521 ¡@ÂEÖö,¤WÂd,¹q¸£¤Î¶gÃä³]³Æ·~,23,2
3540 ¡@Â`¶V,¤WÂd,¹q¸£¤Î¶gÃä³]³Æ·~,23,2
3577 ¡@ªl®æ,¤WÂd,¹q¸£¤Î¶gÃä³]³Æ·~,23,2
3611 ¡@¹©¿«,¤WÂd,¹q¸£¤Î¶gÃä³]³Æ·~,23,2
3652 ¡@ºëÁp,¤WÂd,¹q¸£¤Î¶gÃä³]³Æ·~,23,2
5371 ¡@¤¤±j,¤WÂd,¹q¸£¤Î¶gÃä³]³Æ·~,23,2
5384 ¡@±¶¤¸,¤WÂd,¹q¸£¤Î¶gÃä³]³Æ·~,23,2
5386 ¡@«C¶³,¤WÂd,¹q¸£¤Î¶gÃä³]³Æ·~,23,2
5426 ¡@®¶µo,¤WÂd,¹q¸£¤Î¶gÃä³]³Æ·~,23,2
5438 ¡@ªF¤Í,¤WÂd,¹q¸£¤Î¶gÃä³]³Æ·~,23,2
5450 ¡@Ä_Áp,¤WÂd,¹q¸£¤Î¶gÃä³]³Æ·~,23,2
5465 ¡@´I÷~,¤WÂd,¹q¸£¤Î¶gÃä³]³Æ·~,23,2
5474 ¡@Áo®õ,¤WÂd,¹q¸£¤Î¶gÃä³]³Æ·~,23,2
5490 ¡@¦P¦ë,¤WÂd,¹q¸£¤Î¶gÃä³]³Æ·~,23,2
6105 ¡@·ç¶Ç,¤WÂd,¹q¸£¤Î¶gÃä³]³Æ·~,23,2
6121 ¡@·s´¶,¤WÂd,¹q¸£¤Î¶gÃä³]³Æ·~,23,2
6123 ¡@¤W©_,¤WÂd,¹q¸£¤Î¶gÃä³]³Æ·~,23,2
6150 ¡@¾Ù°T,¤WÂd,¹q¸£¤Î¶gÃä³]³Æ·~,23,2
6160 ¡@ªY§Þ,¤WÂd,¹q¸£¤Î¶gÃä³]³Æ·~,23,2
6161 ¡@±¶ªi,¤WÂd,¹q¸£¤Î¶gÃä³]³Æ·~,23,2
6188 ¡@¼s©ú,¤WÂd,¹q¸£¤Î¶gÃä³]³Æ·~,23,2
6199 ¡@ºë«Â,¤WÂd,¹q¸£¤Î¶gÃä³]³Æ·~,23,2
6219 ¡@´I©ô,¤WÂd,¹q¸£¤Î¶gÃä³]³Æ·~,23,2
6222 ¡@¤W´­,¤WÂd,¹q¸£¤Î¶gÃä³]³Æ·~,23,2
6228 ¡@¥þÃÐ,¤WÂd,¹q¸£¤Î¶gÃä³]³Æ·~,23,2
6230 ¡@¶W²³,¤WÂd,¹q¸£¤Î¶gÃä³]³Æ·~,23,2
6247 ¡@²NÅA¹q,¤WÂd,¹q¸£¤Î¶gÃä³]³Æ·~,23,2
6298 ¡@´Q±j,¤WÂd,¹q¸£¤Î¶gÃä³]³Æ·~,23,2
8050 ¡@¼s¿n,¤WÂd,¹q¸£¤Î¶gÃä³]³Æ·~,23,2
8076 ¡@¥îÂ×,¤WÂd,¹q¸£¤Î¶gÃä³]³Æ·~,23,2
8114 ¡@®¶¾ì¹q,¤WÂd,¹q¸£¤Î¶gÃä³]³Æ·~,23,2
8210 ¡@¶Ô¸Û,¤WÂd,¹q¸£¤Î¶gÃä³]³Æ·~,23,2
8234 ¡@·sº~,¤WÂd,¹q¸£¤Î¶gÃä³]³Æ·~,23,2
8299 ¡@¸sÁp,¤WÂd,¹q¸£¤Î¶gÃä³]³Æ·~,23,2
4609 ¡@­ð¾W,¤WÂd,¹q¾¹¹qÆl,24,2
1558 ¡@¦ù¿³,¤WÂd,¹q¾÷¾÷±ñ,25,2
1570 ¡@¤OªÖ,¤WÂd,¹q¾÷¾÷±ñ,25,2
1580 ¡@·s³Á,¤WÂd,¹q¾÷¾÷±ñ,25,2
2231 ¡@¬°¤É,¤WÂd,¹q¾÷¾÷±ñ,25,2
3162 ¡@ºë½T,¤WÂd,¹q¾÷¾÷±ñ,25,2
4502 ¡@·½«í,¤WÂd,¹q¾÷¾÷±ñ,25,2
4503 ¡@ª÷«B,¤WÂd,¹q¾÷¾÷±ñ,25,2
4506 ¡@±R¤Í,¤WÂd,¹q¾÷¾÷±ñ,25,2
4510 ¡@°ª¾W,¤WÂd,¹q¾÷¾÷±ñ,25,2
4513 ¡@ºÖ¸Î,¤WÂd,¹q¾÷¾÷±ñ,25,2
4523 ¡@¥Ã¹ü,¤WÂd,¹q¾÷¾÷±ñ,25,2
4527 ¡@¤è¤gÀM,¤WÂd,¹q¾÷¾÷±ñ,25,2
4528 ¡@¦¿¿³Áë,¤WÂd,¹q¾÷¾÷±ñ,25,2
4529 ¡@¤OªZ,¤WÂd,¹q¾÷¾÷±ñ,25,2
4530 ¡@§»©ö,¤WÂd,¹q¾÷¾÷±ñ,25,2
4533 ¡@¨ó©ö¾÷,¤WÂd,¹q¾÷¾÷±ñ,25,2
4534 ¡@¤TªL,¤WÂd,¹q¾÷¾÷±ñ,25,2
4535 ¡@¦Ü¿³,¤WÂd,¹q¾÷¾÷±ñ,25,2
6122 ¡@Àº¨¹,¤WÂd,¹q¾÷¾÷±ñ,25,2
6603 ¡@´I±jøÊ,¤WÂd,¹q¾÷¾÷±ñ,25,2
6609 ¡@ò]¿A¬ì,¤WÂd,¹q¾÷¾÷±ñ,25,2
8083 ¡@·ç¿o,¤WÂd,¹q¾÷¾÷±ñ,25,2
8255 ¡@ªBµ{,¤WÂd,¹q¾÷¾÷±ñ,25,2
8996 ¡@°ª¤O,¤WÂd,¹q¾÷¾÷±ñ,25,2
9951 ¡@¬Ó¥Ð,¤WÂd,¹q¾÷¾÷±ñ,25,2
2114 ¡@øÊ¥Ã»Í,¤WÂd,¾ó½¦¤u·~,26,2
5102 ¡@´I±j,¤WÂd,¾ó½¦¤u·~,26,2
2035 ¡@­ðºa,¤WÂd,¿ûÅK¤u·~,27,2
5007 ¡@¤T¬P,¤WÂd,¿ûÅK¤u·~,27,2
5009 ¡@ºa­è,¤WÂd,¿ûÅK¤u·~,27,2
5011 ¡@¤[¶§,¤WÂd,¿ûÅK¤u·~,27,2
5013 ¡@±j·s,¤WÂd,¿ûÅK¤u·~,27,2
5014 ¡@«Øëù,¤WÂd,¿ûÅK¤u·~,27,2
5015 ¡@µØ¸R,¤WÂd,¿ûÅK¤u·~,27,2
5016 ¡@ªQ©M,¤WÂd,¿ûÅK¤u·~,27,2
8349 ¡@¤Í«H,¤WÂd,¿ûÅK¤u·~,27,2
8930 ¡@«C¿û,¤WÂd,¿ûÅK¤u·~,27,2
9962 ¡@¦³¯q,¤WÂd,¿ûÅK¤u·~,27,2
5701 ¡@¼C´ò¤s,¤WÂd,Æ[¥ú¨Æ·~,28,2
5703 ¡@¨È³£,¤WÂd,Æ[¥ú¨Æ·~,28,2
5704 ¡@¦Ñ·Ýª¾,¤WÂd,Æ[¥ú¨Æ·~,28,2
5706 ¡@»ñ°Ä,¤WÂd,Æ[¥ú¨Æ·~,28,2
,,,,
,,,
